IQ-TREE version 3.0.1 for MacOS Intel 64-bit built Jul  9 2025
Developed by Bui Quang Minh, Thomas Wong, Nhan Ly-Trong, Huaiyan Ren
Contributed by Lam-Tung Nguyen, Dominik Schrempf, Chris Bielow,
Olga Chernomor, Michael Woodhams, Diep Thi Hoang, Heiko Schmidt

Host:    10-18-56-7.dynapool.wireless.nyu.edu (SSE4.2, 16 GB RAM)
Command: /Users/samuelchurch/anaconda3/envs/tree/bin/iqtree -s /Users/samuelchurch/Downloads/Physalia_spatiotemporal/github_physalia_spatiotemporal/phylogenetics/gene_trees/18S.aln.fasta -B 1000 -nt AUTO
Seed:    156627 (Using SPRNG - Scalable Parallel Random Number Generator)
Time:    Thu Aug  6 09:26:17 2026
Kernel:  SSE2 - auto-detect threads (8 CPU cores detected)

Reading alignment file /Users/samuelchurch/Downloads/Physalia_spatiotemporal/github_physalia_spatiotemporal/phylogenetics/gene_trees/18S.aln.fasta ... Fasta format detected
Reading fasta file: done in 0.0101101 secs using 95.18% CPU
Alignment most likely contains DNA/RNA sequences
Constructing alignment: done in 0.00247908 secs using 405.3% CPU
Alignment has 185 sequences with 1827 columns, 43 distinct patterns
29 parsimony-informative, 10 singleton sites, 1788 constant sites
               Gap/Ambiguity  Composition  p-value
Analyzing sequences: done in 3.19481e-05 secs using 360% CPU
   1  FM-16644         2.03%    passed     99.99%
   2  NIWA-173304      2.03%    passed    100.00%
   3  NIWA-173305      2.03%    passed    100.00%
   4  OA-190531-1      2.03%    passed    100.00%
   5  OA-Bluebottle    2.03%    passed    100.00%
   6  TMAG-K5632       2.03%    passed    100.00%
   7  TMAG-K5633       2.03%    passed    100.00%
   8  TMAG-K5634       2.03%    passed    100.00%
   9  TMAG-K5635       2.03%    passed    100.00%
  10  TMAG-K5636       2.03%    passed    100.00%
  11  WAM-Z88480       2.03%    passed    100.00%
  12  WAM-Z97900       2.03%    passed    100.00%
  13  WAM-Z97901       2.03%    passed    100.00%
  14  WAM-Z97902       2.03%    passed    100.00%
  15  WAM-Z97903       2.03%    passed    100.00%
  16  WAM-Z97906       2.03%    passed    100.00%
  17  WAM-Z97907       2.03%    passed    100.00%
  18  WAM-Z97908       2.03%    passed    100.00%
  19  WAM-Z97910       2.03%    passed    100.00%
  20  WAM-Z97911       2.03%    passed    100.00%
  21  WAM-Z97914       2.03%    passed    100.00%
  22  WAM-Z97916       2.03%    passed    100.00%
  23  WAM-Z97917       2.03%    passed    100.00%
  24  WAM-Z97920       2.03%    passed    100.00%
  25  WAM-Z97921       2.03%    passed    100.00%
  26  WAM-Z97923       2.03%    passed    100.00%
  27  YPM-IZ-104460    2.03%    passed    100.00%
  28  YPM-IZ-104461    2.03%    passed    100.00%
  29  YPM-IZ-104464    2.03%    passed    100.00%
  30  YPM-IZ-104465    2.03%    passed     99.98%
  31  YPM-IZ-106919    2.03%    passed    100.00%
  32  YPM-IZ-106920    2.03%    passed    100.00%
  33  YPM-IZ-106923    2.03%    passed    100.00%
  34  YPM-IZ-106935    2.03%    passed     99.99%
  35  YPM-IZ-106936    2.03%    passed     99.99%
  36  YPM-IZ-106937    2.03%    passed     99.99%
  37  YPM-IZ-106941    2.03%    passed     99.99%
  38  YPM-IZ-106943    2.03%    passed     99.99%
  39  YPM-IZ-106954    2.03%    passed     99.99%
  40  YPM-IZ-106958    2.03%    passed     99.99%
  41  YPM-IZ-110251    2.03%    passed     99.99%
  42  YPM-IZ-110254    2.03%    passed     99.99%
  43  YPM-IZ-110264    2.03%    passed    100.00%
  44  YPM-IZ-110268    2.03%    passed    100.00%
  45  YPM-IZ-110269    2.03%    passed    100.00%
  46  YPM-IZ-110276    2.03%    passed    100.00%
  47  YPM-IZ-110277    2.03%    passed    100.00%
  48  YPM-IZ-110278    2.03%    passed    100.00%
  49  YPM-IZ-110433    2.03%    passed     99.99%
  50  YPM-IZ-110434    2.03%    passed     99.99%
  51  YPM-IZ-110436    2.03%    passed     99.99%
  52  YPM-IZ-110438    2.03%    passed     99.99%
  53  YPM-IZ-110443    2.03%    passed     99.99%
  54  YPM-IZ-110460    2.03%    passed    100.00%
  55  YPM-IZ-110467    2.03%    passed    100.00%
  56  YPM-IZ-110468    2.03%    passed    100.00%
  57  YPM-IZ-110469    2.03%    passed    100.00%
  58  YPM-IZ-110470    2.03%    passed    100.00%
  59  YPM-IZ-110471    2.03%    passed    100.00%
  60  YPM-IZ-110473    2.03%    passed    100.00%
  61  YPM-IZ-110474    2.03%    passed    100.00%
  62  YPM-IZ-110480    2.03%    passed    100.00%
  63  YPM-IZ-110515    2.03%    passed    100.00%
  64  YPM-IZ-110520    2.03%    passed    100.00%
  65  YPM-IZ-110526    2.03%    passed    100.00%
  66  YPM-IZ-110556    2.03%    passed    100.00%
  67  YPM-IZ-110557    2.03%    passed    100.00%
  68  YPM-IZ-110558    2.03%    passed    100.00%
  69  YPM-IZ-110566    2.03%    passed    100.00%
  70  YPM-IZ-110569    2.03%    passed    100.00%
  71  YPM-IZ-110600    2.03%    passed    100.00%
  72  YPM-IZ-110602    2.03%    passed    100.00%
  73  YPM-IZ-110605    2.03%    passed    100.00%
  74  YPM-IZ-110612    2.03%    passed    100.00%
  75  YPM-IZ-110613    2.03%    passed    100.00%
  76  YPM-IZ-110616    2.03%    passed    100.00%
  77  YPM-IZ-110631    2.03%    passed     99.99%
  78  YPM-IZ-110633    2.03%    passed     99.99%
  79  YPM-IZ-110667    2.03%    passed     99.99%
  80  YPM-IZ-110694    2.03%    passed     99.99%
  81  YPM-IZ-110716    2.03%    passed     99.99%
  82  YPM-IZ-110726    2.03%    passed     99.99%
  83  YPM-IZ-110738    2.03%    passed     99.99%
  84  YPM-IZ-110777    2.03%    passed    100.00%
  85  YPM-IZ-110780    2.03%    passed    100.00%
  86  YPM-IZ-110785    2.03%    passed    100.00%
  87  YPM-IZ-110786    2.03%    passed    100.00%
  88  YPM-IZ-110828    2.03%    passed    100.00%
  89  YPM-IZ-110829    2.03%    passed    100.00%
  90  YPM-IZ-110830    2.03%    passed    100.00%
  91  YPM-IZ-110842    2.03%    passed     99.99%
  92  YPM-IZ-110843    2.03%    passed     99.99%
  93  YPM-IZ-110844    2.03%    passed     99.99%
  94  YPM-IZ-110845    2.03%    passed     99.99%
  95  YPM-IZ-110846    2.03%    passed     99.99%
  96  YPM-IZ-110847    2.03%    passed     99.99%
  97  YPM-IZ-110876    2.03%    passed     99.99%
  98  YPM-IZ-110877    2.03%    passed    100.00%
  99  YPM-IZ-110878    2.03%    passed    100.00%
 100  YPM-IZ-110880    2.03%    passed     99.99%
 101  YPM-IZ-110881    2.03%    passed    100.00%
 102  YPM-IZ-110882    2.03%    passed    100.00%
 103  YPM-IZ-110883    2.03%    passed    100.00%
 104  YPM-IZ-110906    2.03%    passed    100.00%
 105  YPM-IZ-110907    2.03%    passed    100.00%
 106  YPM-IZ-110925    2.03%    passed    100.00%
 107  YPM-IZ-110926    2.03%    passed    100.00%
 108  YPM-IZ-110930    2.03%    passed    100.00%
 109  YPM-IZ-110931    2.03%    passed    100.00%
 110  YPM-IZ-110933    2.03%    passed    100.00%
 111  YPM-IZ-110937    2.03%    passed    100.00%
 112  YPM-IZ-110938    2.03%    passed    100.00%
 113  YPM-IZ-110943    2.03%    passed    100.00%
 114  YPM-IZ-110972    2.03%    passed     99.99%
 115  YPM-IZ-111006    2.03%    passed    100.00%
 116  YPM-IZ-111007    2.03%    passed    100.00%
 117  YPM-IZ-111008    2.03%    passed    100.00%
 118  YPM-IZ-111009    2.03%    passed    100.00%
 119  YPM-IZ-111010    2.03%    passed    100.00%
 120  YPM-IZ-111012    2.03%    passed     99.99%
 121  YPM-IZ-111013    2.03%    passed     99.99%
 122  YPM-IZ-111014    2.03%    passed     99.99%
 123  YPM-IZ-111016    2.03%    passed     99.99%
 124  YPM-IZ-111017    2.03%    passed     99.99%
 125  YPM-IZ-111018    2.03%    passed     99.99%
 126  YPM-IZ-111156    2.03%    passed    100.00%
 127  YPM-IZ-111157    2.03%    passed    100.00%
 128  YPM-IZ-111158    2.03%    passed    100.00%
 129  YPM-IZ-111159    2.03%    passed    100.00%
 130  YPM-IZ-111160    2.03%    passed    100.00%
 131  YPM-IZ-111163    2.03%    passed    100.00%
 132  YPM-IZ-111207    2.03%    passed    100.00%
 133  YPM-IZ-111208    2.03%    passed    100.00%
 134  YPM-IZ-111209    2.03%    passed    100.00%
 135  YPM-IZ-111210    2.03%    passed    100.00%
 136  YPM-IZ-111241    2.03%    passed    100.00%
 137  YPM-IZ-111243    2.03%    passed    100.00%
 138  YPM-IZ-111495    2.03%    passed    100.00%
 139  YPM-IZ-111513    2.03%    passed    100.00%
 140  YPM-IZ-111514    2.03%    passed    100.00%
 141  YPM-IZ-111517    2.03%    passed    100.00%
 142  YPM-IZ-111518    2.03%    passed    100.00%
 143  YPM-IZ-111519    2.03%    passed    100.00%
 144  YPM-IZ-111520    2.03%    passed    100.00%
 145  YPM-IZ-111521    2.03%    passed    100.00%
 146  YPM-IZ-111529    2.03%    passed    100.00%
 147  YPM-IZ-111530    2.03%    passed    100.00%
 148  YPM-IZ-111539    2.03%    passed    100.00%
 149  YPM-IZ-111547    2.03%    passed    100.00%
 150  YPM-IZ-111839    2.03%    passed    100.00%
 151  YPM-IZ-111840    2.03%    passed    100.00%
 152  SEA2025-Ph201    2.13%    passed     99.99%
 153  SEA2025-Ph250    2.08%    passed     99.99%
 154  SEA2025-Ph255    2.08%    passed     99.99%
 155  SEA2025-Ph264    2.13%    passed     99.99%
 156  SEA2025-Ph268    2.35%    passed     99.93%
 157  SEA2025-Ph273    2.13%    passed     99.99%
 158  SEA2025-Ph218    2.13%    passed     99.99%
 159  SEA2025-Ph225    2.24%    passed     99.89%
 160  SEA2025-Ph240    2.13%    passed     99.99%
 161  SEA2025-Ph272    2.13%    passed     99.98%
 162  YPM-IZ-111759    2.03%    passed    100.00%
 163  YPM-IZ-111760    2.03%    passed    100.00%
 164  YPM-IZ-111814    2.03%    passed    100.00%
 165  YPM-IZ-111819    2.03%    passed    100.00%
 166  YPM-IZ-111820    2.03%    passed    100.00%
 167  YPM-IZ-111220    2.03%    passed    100.00%
 168  YPM-IZ-111261    2.03%    passed    100.00%
 169  YPM-IZ-111256    2.03%    passed    100.00%
 170  WAM-Z97909       2.03%    passed    100.00%
 171  YPM-IZ-111231    2.03%    passed    100.00%
 172  YPM-IZ-111806    2.03%    passed    100.00%
 173  YPM-IZ-111813    2.03%    passed    100.00%
 174  YPM-IZ-111816    2.03%    passed    100.00%
 175  YPM-IZ-111822    2.03%    passed    100.00%
 176  YPM-IZ-111825    2.03%    passed    100.00%
 177  YPM-IZ-115977    2.03%    passed    100.00%
 178  YPM-IZ-115978    2.03%    passed    100.00%
 179  YPM-IZ-115980    2.03%    passed    100.00%
 180  YPM-IZ-115990    2.03%    passed    100.00%
 181  YPM-IZ-116019    2.03%    passed    100.00%
 182  AF358065.1       0.16%    passed     99.64%
 183  AF358066.1       0.05%    passed     99.49%
 184  AY937327.1       4.11%    passed     90.70%
 185  AY937351.1       4.16%    passed     92.45%
****  TOTAL            2.03%  0 sequences failed composition chi2 test (p-value<5%; df=3)
NOTE: YPM-IZ-106935 is identical to FM-16644 but kept for subsequent analysis
NOTE: NIWA-173305 is identical to NIWA-173304 but kept for subsequent analysis
NOTE: OA-Bluebottle is identical to OA-190531-1 but kept for subsequent analysis
NOTE: WAM-Z88480 is identical to TMAG-K5632 but kept for subsequent analysis
Checking for duplicate sequences: done in 0.000255108 secs using 460.6% CPU
Identifying sites to remove: done in 0.000539064 secs using 549.8% CPU
NOTE: 162 identical sequences (see below) will be ignored for subsequent analysis
NOTE: YPM-IZ-106936 (identical to FM-16644) is ignored but added at the end
NOTE: YPM-IZ-106937 (identical to FM-16644) is ignored but added at the end
NOTE: YPM-IZ-106941 (identical to FM-16644) is ignored but added at the end
NOTE: YPM-IZ-106943 (identical to FM-16644) is ignored but added at the end
NOTE: YPM-IZ-106954 (identical to FM-16644) is ignored but added at the end
NOTE: YPM-IZ-106958 (identical to FM-16644) is ignored but added at the end
NOTE: YPM-IZ-110251 (identical to FM-16644) is ignored but added at the end
NOTE: YPM-IZ-110254 (identical to FM-16644) is ignored but added at the end
NOTE: YPM-IZ-110433 (identical to FM-16644) is ignored but added at the end
NOTE: YPM-IZ-110434 (identical to FM-16644) is ignored but added at the end
NOTE: YPM-IZ-110436 (identical to FM-16644) is ignored but added at the end
NOTE: YPM-IZ-110438 (identical to FM-16644) is ignored but added at the end
NOTE: YPM-IZ-110443 (identical to FM-16644) is ignored but added at the end
NOTE: YPM-IZ-110631 (identical to FM-16644) is ignored but added at the end
NOTE: YPM-IZ-110633 (identical to FM-16644) is ignored but added at the end
NOTE: YPM-IZ-110667 (identical to FM-16644) is ignored but added at the end
NOTE: YPM-IZ-110694 (identical to FM-16644) is ignored but added at the end
NOTE: YPM-IZ-110716 (identical to FM-16644) is ignored but added at the end
NOTE: YPM-IZ-110726 (identical to FM-16644) is ignored but added at the end
NOTE: YPM-IZ-110738 (identical to FM-16644) is ignored but added at the end
NOTE: YPM-IZ-110842 (identical to FM-16644) is ignored but added at the end
NOTE: YPM-IZ-110843 (identical to FM-16644) is ignored but added at the end
NOTE: YPM-IZ-110844 (identical to FM-16644) is ignored but added at the end
NOTE: YPM-IZ-110845 (identical to FM-16644) is ignored but added at the end
NOTE: YPM-IZ-110846 (identical to FM-16644) is ignored but added at the end
NOTE: YPM-IZ-110847 (identical to FM-16644) is ignored but added at the end
NOTE: YPM-IZ-110876 (identical to FM-16644) is ignored but added at the end
NOTE: YPM-IZ-110880 (identical to FM-16644) is ignored but added at the end
NOTE: YPM-IZ-110972 (identical to FM-16644) is ignored but added at the end
NOTE: YPM-IZ-111012 (identical to FM-16644) is ignored but added at the end
NOTE: YPM-IZ-111013 (identical to FM-16644) is ignored but added at the end
NOTE: YPM-IZ-111014 (identical to FM-16644) is ignored but added at the end
NOTE: YPM-IZ-111016 (identical to FM-16644) is ignored but added at the end
NOTE: YPM-IZ-111017 (identical to FM-16644) is ignored but added at the end
NOTE: YPM-IZ-111018 (identical to FM-16644) is ignored but added at the end
NOTE: TMAG-K5633 (identical to NIWA-173304) is ignored but added at the end
NOTE: TMAG-K5634 (identical to NIWA-173304) is ignored but added at the end
NOTE: TMAG-K5635 (identical to NIWA-173304) is ignored but added at the end
NOTE: TMAG-K5636 (identical to NIWA-173304) is ignored but added at the end
NOTE: YPM-IZ-110467 (identical to NIWA-173304) is ignored but added at the end
NOTE: YPM-IZ-110468 (identical to NIWA-173304) is ignored but added at the end
NOTE: YPM-IZ-110469 (identical to NIWA-173304) is ignored but added at the end
NOTE: YPM-IZ-110470 (identical to NIWA-173304) is ignored but added at the end
NOTE: YPM-IZ-110556 (identical to NIWA-173304) is ignored but added at the end
NOTE: YPM-IZ-110557 (identical to NIWA-173304) is ignored but added at the end
NOTE: YPM-IZ-110558 (identical to NIWA-173304) is ignored but added at the end
NOTE: YPM-IZ-111207 (identical to NIWA-173304) is ignored but added at the end
NOTE: YPM-IZ-111208 (identical to NIWA-173304) is ignored but added at the end
NOTE: YPM-IZ-111209 (identical to NIWA-173304) is ignored but added at the end
NOTE: YPM-IZ-111210 (identical to NIWA-173304) is ignored but added at the end
NOTE: YPM-IZ-111241 (identical to NIWA-173304) is ignored but added at the end
NOTE: YPM-IZ-111243 (identical to NIWA-173304) is ignored but added at the end
NOTE: YPM-IZ-111759 (identical to NIWA-173304) is ignored but added at the end
NOTE: YPM-IZ-111760 (identical to NIWA-173304) is ignored but added at the end
NOTE: YPM-IZ-111220 (identical to NIWA-173304) is ignored but added at the end
NOTE: YPM-IZ-111261 (identical to NIWA-173304) is ignored but added at the end
NOTE: YPM-IZ-111256 (identical to NIWA-173304) is ignored but added at the end
NOTE: YPM-IZ-111231 (identical to NIWA-173304) is ignored but added at the end
NOTE: YPM-IZ-111806 (identical to NIWA-173304) is ignored but added at the end
NOTE: YPM-IZ-111813 (identical to NIWA-173304) is ignored but added at the end
NOTE: YPM-IZ-115977 (identical to NIWA-173304) is ignored but added at the end
NOTE: YPM-IZ-115978 (identical to NIWA-173304) is ignored but added at the end
NOTE: YPM-IZ-115980 (identical to NIWA-173304) is ignored but added at the end
NOTE: YPM-IZ-115990 (identical to NIWA-173304) is ignored but added at the end
NOTE: WAM-Z97902 (identical to OA-190531-1) is ignored but added at the end
NOTE: WAM-Z97907 (identical to OA-190531-1) is ignored but added at the end
NOTE: WAM-Z97908 (identical to OA-190531-1) is ignored but added at the end
NOTE: WAM-Z97910 (identical to OA-190531-1) is ignored but added at the end
NOTE: WAM-Z97911 (identical to OA-190531-1) is ignored but added at the end
NOTE: WAM-Z97914 (identical to OA-190531-1) is ignored but added at the end
NOTE: WAM-Z97916 (identical to OA-190531-1) is ignored but added at the end
NOTE: WAM-Z97917 (identical to OA-190531-1) is ignored but added at the end
NOTE: WAM-Z97921 (identical to OA-190531-1) is ignored but added at the end
NOTE: WAM-Z97923 (identical to OA-190531-1) is ignored but added at the end
NOTE: YPM-IZ-104460 (identical to OA-190531-1) is ignored but added at the end
NOTE: YPM-IZ-104461 (identical to OA-190531-1) is ignored but added at the end
NOTE: YPM-IZ-104464 (identical to OA-190531-1) is ignored but added at the end
NOTE: YPM-IZ-106919 (identical to OA-190531-1) is ignored but added at the end
NOTE: YPM-IZ-106920 (identical to OA-190531-1) is ignored but added at the end
NOTE: YPM-IZ-106923 (identical to OA-190531-1) is ignored but added at the end
NOTE: YPM-IZ-110264 (identical to OA-190531-1) is ignored but added at the end
NOTE: YPM-IZ-110268 (identical to OA-190531-1) is ignored but added at the end
NOTE: YPM-IZ-110269 (identical to OA-190531-1) is ignored but added at the end
NOTE: YPM-IZ-110276 (identical to OA-190531-1) is ignored but added at the end
NOTE: YPM-IZ-110277 (identical to OA-190531-1) is ignored but added at the end
NOTE: YPM-IZ-110278 (identical to OA-190531-1) is ignored but added at the end
NOTE: YPM-IZ-110460 (identical to OA-190531-1) is ignored but added at the end
NOTE: YPM-IZ-110471 (identical to OA-190531-1) is ignored but added at the end
NOTE: YPM-IZ-110473 (identical to OA-190531-1) is ignored but added at the end
NOTE: YPM-IZ-110474 (identical to OA-190531-1) is ignored but added at the end
NOTE: YPM-IZ-110480 (identical to OA-190531-1) is ignored but added at the end
NOTE: YPM-IZ-110515 (identical to OA-190531-1) is ignored but added at the end
NOTE: YPM-IZ-110520 (identical to OA-190531-1) is ignored but added at the end
NOTE: YPM-IZ-110526 (identical to OA-190531-1) is ignored but added at the end
NOTE: YPM-IZ-110566 (identical to OA-190531-1) is ignored but added at the end
NOTE: YPM-IZ-110569 (identical to OA-190531-1) is ignored but added at the end
NOTE: YPM-IZ-110600 (identical to OA-190531-1) is ignored but added at the end
NOTE: YPM-IZ-110602 (identical to OA-190531-1) is ignored but added at the end
NOTE: YPM-IZ-110605 (identical to OA-190531-1) is ignored but added at the end
NOTE: YPM-IZ-110612 (identical to OA-190531-1) is ignored but added at the end
NOTE: YPM-IZ-110613 (identical to OA-190531-1) is ignored but added at the end
NOTE: YPM-IZ-110616 (identical to OA-190531-1) is ignored but added at the end
NOTE: YPM-IZ-110777 (identical to OA-190531-1) is ignored but added at the end
NOTE: YPM-IZ-110780 (identical to OA-190531-1) is ignored but added at the end
NOTE: YPM-IZ-110785 (identical to OA-190531-1) is ignored but added at the end
NOTE: YPM-IZ-110786 (identical to OA-190531-1) is ignored but added at the end
NOTE: YPM-IZ-110830 (identical to OA-190531-1) is ignored but added at the end
NOTE: YPM-IZ-110877 (identical to OA-190531-1) is ignored but added at the end
NOTE: YPM-IZ-110878 (identical to OA-190531-1) is ignored but added at the end
NOTE: YPM-IZ-110881 (identical to OA-190531-1) is ignored but added at the end
NOTE: YPM-IZ-110882 (identical to OA-190531-1) is ignored but added at the end
NOTE: YPM-IZ-110883 (identical to OA-190531-1) is ignored but added at the end
NOTE: YPM-IZ-110906 (identical to OA-190531-1) is ignored but added at the end
NOTE: YPM-IZ-110907 (identical to OA-190531-1) is ignored but added at the end
NOTE: YPM-IZ-110925 (identical to OA-190531-1) is ignored but added at the end
NOTE: YPM-IZ-110926 (identical to OA-190531-1) is ignored but added at the end
NOTE: YPM-IZ-110930 (identical to OA-190531-1) is ignored but added at the end
NOTE: YPM-IZ-110931 (identical to OA-190531-1) is ignored but added at the end
NOTE: YPM-IZ-110933 (identical to OA-190531-1) is ignored but added at the end
NOTE: YPM-IZ-110937 (identical to OA-190531-1) is ignored but added at the end
NOTE: YPM-IZ-110938 (identical to OA-190531-1) is ignored but added at the end
NOTE: YPM-IZ-110943 (identical to OA-190531-1) is ignored but added at the end
NOTE: YPM-IZ-111006 (identical to OA-190531-1) is ignored but added at the end
NOTE: YPM-IZ-111007 (identical to OA-190531-1) is ignored but added at the end
NOTE: YPM-IZ-111008 (identical to OA-190531-1) is ignored but added at the end
NOTE: YPM-IZ-111009 (identical to OA-190531-1) is ignored but added at the end
NOTE: YPM-IZ-111163 (identical to OA-190531-1) is ignored but added at the end
NOTE: YPM-IZ-111547 (identical to OA-190531-1) is ignored but added at the end
NOTE: YPM-IZ-111839 (identical to OA-190531-1) is ignored but added at the end
NOTE: YPM-IZ-111840 (identical to OA-190531-1) is ignored but added at the end
NOTE: WAM-Z97900 (identical to TMAG-K5632) is ignored but added at the end
NOTE: WAM-Z97901 (identical to TMAG-K5632) is ignored but added at the end
NOTE: WAM-Z97903 (identical to TMAG-K5632) is ignored but added at the end
NOTE: WAM-Z97906 (identical to TMAG-K5632) is ignored but added at the end
NOTE: WAM-Z97920 (identical to TMAG-K5632) is ignored but added at the end
NOTE: YPM-IZ-110828 (identical to TMAG-K5632) is ignored but added at the end
NOTE: YPM-IZ-110829 (identical to TMAG-K5632) is ignored but added at the end
NOTE: YPM-IZ-111010 (identical to TMAG-K5632) is ignored but added at the end
NOTE: YPM-IZ-111156 (identical to TMAG-K5632) is ignored but added at the end
NOTE: YPM-IZ-111157 (identical to TMAG-K5632) is ignored but added at the end
NOTE: YPM-IZ-111158 (identical to TMAG-K5632) is ignored but added at the end
NOTE: YPM-IZ-111159 (identical to TMAG-K5632) is ignored but added at the end
NOTE: YPM-IZ-111160 (identical to TMAG-K5632) is ignored but added at the end
NOTE: YPM-IZ-111495 (identical to TMAG-K5632) is ignored but added at the end
NOTE: YPM-IZ-111513 (identical to TMAG-K5632) is ignored but added at the end
NOTE: YPM-IZ-111514 (identical to TMAG-K5632) is ignored but added at the end
NOTE: YPM-IZ-111517 (identical to TMAG-K5632) is ignored but added at the end
NOTE: YPM-IZ-111518 (identical to TMAG-K5632) is ignored but added at the end
NOTE: YPM-IZ-111519 (identical to TMAG-K5632) is ignored but added at the end
NOTE: YPM-IZ-111520 (identical to TMAG-K5632) is ignored but added at the end
NOTE: YPM-IZ-111521 (identical to TMAG-K5632) is ignored but added at the end
NOTE: YPM-IZ-111529 (identical to TMAG-K5632) is ignored but added at the end
NOTE: YPM-IZ-111530 (identical to TMAG-K5632) is ignored but added at the end
NOTE: YPM-IZ-111539 (identical to TMAG-K5632) is ignored but added at the end
NOTE: YPM-IZ-111814 (identical to TMAG-K5632) is ignored but added at the end
NOTE: YPM-IZ-111819 (identical to TMAG-K5632) is ignored but added at the end
NOTE: YPM-IZ-111820 (identical to TMAG-K5632) is ignored but added at the end
NOTE: WAM-Z97909 (identical to TMAG-K5632) is ignored but added at the end
NOTE: YPM-IZ-111816 (identical to TMAG-K5632) is ignored but added at the end
NOTE: YPM-IZ-111822 (identical to TMAG-K5632) is ignored but added at the end
NOTE: YPM-IZ-111825 (identical to TMAG-K5632) is ignored but added at the end
NOTE: YPM-IZ-116019 (identical to TMAG-K5632) is ignored but added at the end
Alignment was printed to /Users/samuelchurch/Downloads/Physalia_spatiotemporal/github_physalia_spatiotemporal/phylogenetics/gene_trees/18S.aln.fasta.uniqueseq.phy

For your convenience alignment with unique sequences printed to /Users/samuelchurch/Downloads/Physalia_spatiotemporal/github_physalia_spatiotemporal/phylogenetics/gene_trees/18S.aln.fasta.uniqueseq.phy


Create initial parsimony tree by phylogenetic likelihood library (PLL)... 0.000 seconds
Measuring multi-threading efficiency up to 8 CPU cores
Increase to 10 rounds for branch lengths
10668 trees examined
Threads: 1 / Time: 8.001 sec / Speedup: 1.000 / Efficiency: 100% / LogL: -3010
Threads: 2 / Time: 6.743 sec / Speedup: 1.186 / Efficiency: 59% / LogL: -3010
Threads: 3 / Time: 6.527 sec / Speedup: 1.226 / Efficiency: 41% / LogL: -3010
Determining AUTO threadcount: done in 21.2713 secs using 194.8% CPU
BEST NUMBER OF THREADS: 2

Perform fast likelihood tree search using GTR+I+G model...
Estimate model parameters (epsilon = 5.000)
Perform nearest neighbor interchange...
Optimizing NNI: done in 0.00404882 secs using 294.9% CPU
Estimate model parameters (epsilon = 1.000)
1. Initial log-likelihood: -2775.679
Optimal log-likelihood: -2775.668
Rate parameters:  A-C: 2.19276  A-G: 8.03180  A-T: 0.34219  C-G: 1.42697  C-T: 12.54650  G-T: 1.00000
Base frequencies:  A: 0.267  C: 0.192  G: 0.260  T: 0.281
Proportion of invariable sites: 0.489
Gamma shape alpha: 0.090
Parameters optimization took 1 rounds (0.002 sec)
Time for fast ML tree search: 0.014 seconds

NOTE: ModelFinder requires 0 MB RAM!
ModelFinder will test up to 968 DNA models (sample size: 1827 epsilon: 0.100) ...
 No. Model         -LnL         df  AIC          AICc         BIC
WARNING: Number of threads seems too high for short alignments. Use -T AUTO to determine best number of threads.
  1  JC            2813.942     43  5713.884     5716.007     5950.833
WARNING: Number of threads seems too high for short alignments. Use -T AUTO to determine best number of threads.
  2  JC+I          2812.986     44  5713.971     5716.193     5956.430
WARNING: Number of threads seems too high for short alignments. Use -T AUTO to determine best number of threads.
  3  JC+G4         2813.048     44  5714.095     5716.318     5956.554
WARNING: Number of threads seems too high for short alignments. Use -T AUTO to determine best number of threads.
  4  JC+I+G4       2812.988     45  5715.976     5718.300     5963.945
WARNING: Number of threads seems too high for short alignments. Use -T AUTO to determine best number of threads.
  5  JC+R2         2813.409     45  5716.818     5719.143     5964.787
WARNING: Number of threads seems too high for short alignments. Use -T AUTO to determine best number of threads.
+R3 reinitialized from +R2 with factor 0.500
  6  JC+R3         2813.463     47  5720.926     5723.463     5979.917
WARNING: Number of threads seems too high for short alignments. Use -T AUTO to determine best number of threads.
 14  JC+I+R2       2813.054     46  5718.108     5720.537     5971.588
WARNING: Number of threads seems too high for short alignments. Use -T AUTO to determine best number of threads.
 15  JC+I+R3       2813.124     48  5722.248     5724.894     5986.749
 23  JC            2813.942     43  5713.884     5716.007     5950.833
 24  JC+I          2812.986     44  5713.971     5716.193     5956.430
 25  JC+G4         2813.048     44  5714.095     5716.318     5956.554
WARNING: Number of threads seems too high for short alignments. Use -T AUTO to determine best number of threads.
 45  F81           2813.942     43  5713.884     5716.006     5950.833
WARNING: Number of threads seems too high for short alignments. Use -T AUTO to determine best number of threads.
 46  F81+I         2812.985     44  5713.971     5716.193     5956.430
WARNING: Number of threads seems too high for short alignments. Use -T AUTO to determine best number of threads.
 47  F81+G4        2813.048     44  5714.095     5716.317     5956.554
WARNING: Number of threads seems too high for short alignments. Use -T AUTO to determine best number of threads.
 67  F81+F         2797.191     46  5686.382     5688.811     5939.862
WARNING: Number of threads seems too high for short alignments. Use -T AUTO to determine best number of threads.
 68  F81+F+I       2796.247     47  5686.494     5689.030     5945.484
WARNING: Number of threads seems too high for short alignments. Use -T AUTO to determine best number of threads.
 69  F81+F+G4      2796.304     47  5686.609     5689.145     5945.599
WARNING: Number of threads seems too high for short alignments. Use -T AUTO to determine best number of threads.
 89  K2P           2797.500     44  5682.999     5685.221     5925.458
WARNING: Number of threads seems too high for short alignments. Use -T AUTO to determine best number of threads.
 90  K2P+I         2794.416     45  5678.832     5681.156     5926.801
WARNING: Number of threads seems too high for short alignments. Use -T AUTO to determine best number of threads.
 91  K2P+G4        2796.273     45  5682.546     5684.871     5930.515
111  K2P           2797.500     44  5682.999     5685.221     5925.458
112  K2P+I         2794.416     45  5678.832     5681.156     5926.801
113  K2P+G4        2796.273     45  5682.546     5684.871     5930.515
WARNING: Number of threads seems too high for short alignments. Use -T AUTO to determine best number of threads.
133  HKY           2797.404     44  5682.809     5685.031     5925.268
WARNING: Number of threads seems too high for short alignments. Use -T AUTO to determine best number of threads.
134  HKY+I         2794.414     45  5678.829     5681.153     5926.798
WARNING: Number of threads seems too high for short alignments. Use -T AUTO to determine best number of threads.
135  HKY+G4        2796.229     45  5682.457     5684.782     5930.427
WARNING: Number of threads seems too high for short alignments. Use -T AUTO to determine best number of threads.
155  HKY+F         2780.547     47  5655.094     5657.630     5914.084
WARNING: Number of threads seems too high for short alignments. Use -T AUTO to determine best number of threads.
156  HKY+F+I       2777.444     48  5650.888     5653.534     5915.389
WARNING: Number of threads seems too high for short alignments. Use -T AUTO to determine best number of threads.
157  HKY+F+G4      2779.293     48  5654.585     5657.231     5919.086
WARNING: Number of threads seems too high for short alignments. Use -T AUTO to determine best number of threads.
177  TNe           2795.284     45  5680.569     5682.893     5928.538
WARNING: Number of threads seems too high for short alignments. Use -T AUTO to determine best number of threads.
178  TNe+I         2794.159     46  5680.319     5682.748     5933.799
WARNING: Number of threads seems too high for short alignments. Use -T AUTO to determine best number of threads.
179  TNe+G4        2794.294     46  5680.587     5683.017     5934.067
199  TNe           2795.284     45  5680.569     5682.893     5928.538
200  TNe+I         2794.159     46  5680.319     5682.748     5933.799
201  TNe+G4        2794.294     46  5680.587     5683.017     5934.067
WARNING: Number of threads seems too high for short alignments. Use -T AUTO to determine best number of threads.
221  TN            2795.284     45  5680.568     5682.892     5928.537
WARNING: Number of threads seems too high for short alignments. Use -T AUTO to determine best number of threads.
222  TN+I          2794.158     46  5680.317     5682.746     5933.797
WARNING: Number of threads seems too high for short alignments. Use -T AUTO to determine best number of threads.
223  TN+G4         2794.294     46  5680.587     5683.017     5934.067
WARNING: Number of threads seems too high for short alignments. Use -T AUTO to determine best number of threads.
243  TN+F          2777.982     48  5651.963     5654.609     5916.464
WARNING: Number of threads seems too high for short alignments. Use -T AUTO to determine best number of threads.
244  TN+F+I        2776.823     49  5651.647     5654.404     5921.658
WARNING: Number of threads seems too high for short alignments. Use -T AUTO to determine best number of threads.
245  TN+F+G4       2776.979     49  5651.958     5654.715     5921.969
WARNING: Number of threads seems too high for short alignments. Use -T AUTO to determine best number of threads.
265  K3P           2795.281     45  5680.561     5682.886     5928.531
WARNING: Number of threads seems too high for short alignments. Use -T AUTO to determine best number of threads.
266  K3P+I         2794.121     46  5680.243     5682.672     5933.723
WARNING: Number of threads seems too high for short alignments. Use -T AUTO to determine best number of threads.
267  K3P+G4        2794.272     46  5680.543     5682.972     5934.023
287  K3P           2795.281     45  5680.561     5682.886     5928.531
288  K3P+I         2794.121     46  5680.243     5682.672     5933.723
289  K3P+G4        2794.272     46  5680.543     5682.972     5934.023
WARNING: Number of threads seems too high for short alignments. Use -T AUTO to determine best number of threads.
309  K3Pu          2795.275     45  5680.549     5682.874     5928.519
WARNING: Number of threads seems too high for short alignments. Use -T AUTO to determine best number of threads.
310  K3Pu+I        2794.122     46  5680.243     5682.672     5933.723
WARNING: Number of threads seems too high for short alignments. Use -T AUTO to determine best number of threads.
311  K3Pu+G4       2794.272     46  5680.544     5682.973     5934.023
WARNING: Number of threads seems too high for short alignments. Use -T AUTO to determine best number of threads.
331  K3Pu+F        2778.336     48  5652.671     5655.317     5917.172
WARNING: Number of threads seems too high for short alignments. Use -T AUTO to determine best number of threads.
332  K3Pu+F+I      2777.146     49  5652.292     5655.050     5922.304
WARNING: Number of threads seems too high for short alignments. Use -T AUTO to determine best number of threads.
333  K3Pu+F+G4     2777.314     49  5652.628     5655.386     5922.639
WARNING: Number of threads seems too high for short alignments. Use -T AUTO to determine best number of threads.
353  TPM2          2795.530     45  5681.059     5683.384     5929.029
WARNING: Number of threads seems too high for short alignments. Use -T AUTO to determine best number of threads.
354  TPM2+I        2794.413     46  5680.826     5683.255     5934.306
WARNING: Number of threads seems too high for short alignments. Use -T AUTO to determine best number of threads.
355  TPM2+G4       2794.549     46  5681.098     5683.527     5934.578
375  TPM2          2795.530     45  5681.059     5683.384     5929.029
376  TPM2+I        2794.413     46  5680.826     5683.255     5934.306
377  TPM2+G4       2794.549     46  5681.098     5683.527     5934.578
WARNING: Number of threads seems too high for short alignments. Use -T AUTO to determine best number of threads.
397  TPM2u         2795.530     45  5681.059     5683.384     5929.028
WARNING: Number of threads seems too high for short alignments. Use -T AUTO to determine best number of threads.
398  TPM2u+I       2794.412     46  5680.825     5683.254     5934.304
WARNING: Number of threads seems too high for short alignments. Use -T AUTO to determine best number of threads.
399  TPM2u+G4      2794.544     46  5681.088     5683.517     5934.567
WARNING: Number of threads seems too high for short alignments. Use -T AUTO to determine best number of threads.
419  TPM2u+F       2778.599     48  5653.198     5655.844     5917.699
WARNING: Number of threads seems too high for short alignments. Use -T AUTO to determine best number of threads.
420  TPM2u+F+I     2777.444     49  5652.888     5655.646     5922.900
WARNING: Number of threads seems too high for short alignments. Use -T AUTO to determine best number of threads.
421  TPM2u+F+G4    2777.592     49  5653.185     5655.942     5923.196
WARNING: Number of threads seems too high for short alignments. Use -T AUTO to determine best number of threads.
441  TPM3          2795.064     45  5680.129     5682.453     5928.098
WARNING: Number of threads seems too high for short alignments. Use -T AUTO to determine best number of threads.
442  TPM3+I        2793.945     46  5679.890     5682.319     5933.370
WARNING: Number of threads seems too high for short alignments. Use -T AUTO to determine best number of threads.
443  TPM3+G4       2794.075     46  5680.150     5682.579     5933.629
463  TPM3          2795.064     45  5680.129     5682.453     5928.098
464  TPM3+I        2793.945     46  5679.890     5682.319     5933.370
465  TPM3+G4       2794.075     46  5680.150     5682.579     5933.629
WARNING: Number of threads seems too high for short alignments. Use -T AUTO to determine best number of threads.
485  TPM3u         2795.066     45  5680.131     5682.456     5928.100
WARNING: Number of threads seems too high for short alignments. Use -T AUTO to determine best number of threads.
486  TPM3u+I       2793.943     46  5679.887     5682.316     5933.367
WARNING: Number of threads seems too high for short alignments. Use -T AUTO to determine best number of threads.
487  TPM3u+G4      2794.075     46  5680.149     5682.579     5933.629
WARNING: Number of threads seems too high for short alignments. Use -T AUTO to determine best number of threads.
507  TPM3u+F       2777.825     48  5651.650     5654.295     5916.150
WARNING: Number of threads seems too high for short alignments. Use -T AUTO to determine best number of threads.
508  TPM3u+F+I     2776.653     49  5651.305     5654.062     5921.316
WARNING: Number of threads seems too high for short alignments. Use -T AUTO to determine best number of threads.
509  TPM3u+F+G4    2776.810     49  5651.619     5654.376     5921.630
WARNING: Number of threads seems too high for short alignments. Use -T AUTO to determine best number of threads.
529  TIMe          2795.025     46  5682.049     5684.478     5935.529
WARNING: Number of threads seems too high for short alignments. Use -T AUTO to determine best number of threads.
530  TIMe+I        2793.867     47  5681.734     5684.271     5940.725
WARNING: Number of threads seems too high for short alignments. Use -T AUTO to determine best number of threads.
531  TIMe+G4       2794.021     47  5682.042     5684.578     5941.032
551  TIMe          2795.025     46  5682.049     5684.478     5935.529
552  TIMe+I        2793.867     47  5681.734     5684.271     5940.725
553  TIMe+G4       2794.021     47  5682.042     5684.578     5941.032
WARNING: Number of threads seems too high for short alignments. Use -T AUTO to determine best number of threads.
573  TIM           2795.024     46  5682.049     5684.478     5935.529
WARNING: Number of threads seems too high for short alignments. Use -T AUTO to determine best number of threads.
574  TIM+I         2793.867     47  5681.733     5684.269     5940.723
WARNING: Number of threads seems too high for short alignments. Use -T AUTO to determine best number of threads.
575  TIM+G4        2794.021     47  5682.041     5684.578     5941.032
WARNING: Number of threads seems too high for short alignments. Use -T AUTO to determine best number of threads.
595  TIM+F         2777.717     49  5653.434     5656.191     5923.445
WARNING: Number of threads seems too high for short alignments. Use -T AUTO to determine best number of threads.
596  TIM+F+I       2776.527     50  5653.055     5655.926     5928.576
WARNING: Number of threads seems too high for short alignments. Use -T AUTO to determine best number of threads.
597  TIM+F+G4      2776.700     50  5653.401     5656.272     5928.922
WARNING: Number of threads seems too high for short alignments. Use -T AUTO to determine best number of threads.
617  TIM2e         2795.295     46  5682.590     5685.019     5936.070
WARNING: Number of threads seems too high for short alignments. Use -T AUTO to determine best number of threads.
618  TIM2e+I       2794.154     47  5682.309     5684.845     5941.299
WARNING: Number of threads seems too high for short alignments. Use -T AUTO to determine best number of threads.
619  TIM2e+G4      2794.298     47  5682.595     5685.131     5941.585
639  TIM2e         2795.295     46  5682.590     5685.019     5936.070
640  TIM2e+I       2794.154     47  5682.309     5684.845     5941.299
641  TIM2e+G4      2794.298     47  5682.595     5685.131     5941.585
WARNING: Number of threads seems too high for short alignments. Use -T AUTO to determine best number of threads.
661  TIM2          2795.284     46  5682.567     5684.997     5936.047
WARNING: Number of threads seems too high for short alignments. Use -T AUTO to determine best number of threads.
662  TIM2+I        2794.154     47  5682.308     5684.844     5941.298
WARNING: Number of threads seems too high for short alignments. Use -T AUTO to determine best number of threads.
663  TIM2+G4       2794.293     47  5682.587     5685.123     5941.577
WARNING: Number of threads seems too high for short alignments. Use -T AUTO to determine best number of threads.
683  TIM2+F        2777.981     49  5653.963     5656.720     5923.974
WARNING: Number of threads seems too high for short alignments. Use -T AUTO to determine best number of threads.
684  TIM2+F+I      2776.821     50  5653.642     5656.514     5929.164
WARNING: Number of threads seems too high for short alignments. Use -T AUTO to determine best number of threads.
685  TIM2+F+G4     2776.979     50  5653.957     5656.829     5929.479
WARNING: Number of threads seems too high for short alignments. Use -T AUTO to determine best number of threads.
705  TIM3e         2794.816     46  5681.632     5684.061     5935.112
WARNING: Number of threads seems too high for short alignments. Use -T AUTO to determine best number of threads.
706  TIM3e+I       2793.693     47  5681.386     5683.922     5940.376
WARNING: Number of threads seems too high for short alignments. Use -T AUTO to determine best number of threads.
707  TIM3e+G4      2793.826     47  5681.653     5684.189     5940.643
727  TIM3e         2794.816     46  5681.632     5684.061     5935.112
728  TIM3e+I       2793.693     47  5681.386     5683.922     5940.376
729  TIM3e+G4      2793.826     47  5681.653     5684.189     5940.643
WARNING: Number of threads seems too high for short alignments. Use -T AUTO to determine best number of threads.
749  TIM3          2794.816     46  5681.631     5684.060     5935.111
WARNING: Number of threads seems too high for short alignments. Use -T AUTO to determine best number of threads.
750  TIM3+I        2793.692     47  5681.384     5683.921     5940.375
WARNING: Number of threads seems too high for short alignments. Use -T AUTO to determine best number of threads.
751  TIM3+G4       2793.826     47  5681.652     5684.188     5940.642
WARNING: Number of threads seems too high for short alignments. Use -T AUTO to determine best number of threads.
771  TIM3+F        2777.211     49  5652.422     5655.180     5922.433
WARNING: Number of threads seems too high for short alignments. Use -T AUTO to determine best number of threads.
772  TIM3+F+I      2776.018     50  5652.037     5654.908     5927.558
WARNING: Number of threads seems too high for short alignments. Use -T AUTO to determine best number of threads.
773  TIM3+F+G4     2776.183     50  5652.367     5655.238     5927.888
WARNING: Number of threads seems too high for short alignments. Use -T AUTO to determine best number of threads.
793  TVMe          2794.803     47  5683.606     5686.142     5942.596
WARNING: Number of threads seems too high for short alignments. Use -T AUTO to determine best number of threads.
794  TVMe+I        2793.610     48  5683.220     5685.866     5947.721
WARNING: Number of threads seems too high for short alignments. Use -T AUTO to determine best number of threads.
795  TVMe+G4       2793.784     48  5683.569     5686.215     5948.070
815  TVMe          2794.803     47  5683.606     5686.142     5942.596
816  TVMe+I        2793.610     48  5683.220     5685.866     5947.721
817  TVMe+G4       2793.784     48  5683.569     5686.215     5948.070
WARNING: Number of threads seems too high for short alignments. Use -T AUTO to determine best number of threads.
837  TVM           2794.802     47  5683.605     5686.141     5942.595
WARNING: Number of threads seems too high for short alignments. Use -T AUTO to determine best number of threads.
838  TVM+I         2793.608     48  5683.216     5685.862     5947.717
WARNING: Number of threads seems too high for short alignments. Use -T AUTO to determine best number of threads.
839  TVM+G4        2793.782     48  5683.563     5686.209     5948.064
WARNING: Number of threads seems too high for short alignments. Use -T AUTO to determine best number of threads.
859  TVM+F         2777.577     50  5655.154     5658.026     5930.676
WARNING: Number of threads seems too high for short alignments. Use -T AUTO to determine best number of threads.
860  TVM+F+I       2776.364     51  5654.728     5657.716     5935.760
WARNING: Number of threads seems too high for short alignments. Use -T AUTO to determine best number of threads.
861  TVM+F+G4      2776.507     51  5655.014     5658.002     5936.046
WARNING: Number of threads seems too high for short alignments. Use -T AUTO to determine best number of threads.
881  SYM           2794.549     48  5685.098     5687.743     5949.598
WARNING: Number of threads seems too high for short alignments. Use -T AUTO to determine best number of threads.
882  SYM+I         2793.342     49  5684.684     5687.442     5954.695
WARNING: Number of threads seems too high for short alignments. Use -T AUTO to determine best number of threads.
883  SYM+G4        2793.525     49  5685.050     5687.807     5955.061
903  SYM           2794.549     48  5685.098     5687.743     5949.598
904  SYM+I         2793.342     49  5684.684     5687.442     5954.695
905  SYM+G4        2793.525     49  5685.050     5687.807     5955.061
WARNING: Number of threads seems too high for short alignments. Use -T AUTO to determine best number of threads.
925  GTR           2794.549     48  5685.097     5687.743     5949.598
WARNING: Number of threads seems too high for short alignments. Use -T AUTO to determine best number of threads.
926  GTR+I         2793.341     49  5684.682     5687.440     5954.693
WARNING: Number of threads seems too high for short alignments. Use -T AUTO to determine best number of threads.
927  GTR+G4        2793.525     49  5685.049     5687.807     5955.060
WARNING: Number of threads seems too high for short alignments. Use -T AUTO to determine best number of threads.
947  GTR+F         2776.969     51  5655.939     5658.927     5936.971
WARNING: Number of threads seems too high for short alignments. Use -T AUTO to determine best number of threads.
948  GTR+F+I       2775.726     52  5655.453     5658.560     5941.995
WARNING: Number of threads seems too high for short alignments. Use -T AUTO to determine best number of threads.
949  GTR+F+G4      2775.879     52  5655.759     5658.866     5942.301
Akaike Information Criterion:           HKY+F+I
Corrected Akaike Information Criterion: HKY+F+I
Bayesian Information Criterion:         HKY+F
Best-fit model: HKY+F chosen according to BIC

All model information printed to /Users/samuelchurch/Downloads/Physalia_spatiotemporal/github_physalia_spatiotemporal/phylogenetics/gene_trees/18S.aln.fasta.model.gz
CPU time for ModelFinder: 42.088 seconds (0h:0m:42s)
Wall-clock time for ModelFinder: 21.496 seconds (0h:0m:21s)
Generating 1000 samples for ultrafast bootstrap (seed: 156627)...

NOTE: 0 MB RAM (0 GB) is required!
WARNING: Number of threads seems too high for short alignments. Use -T AUTO to determine best number of threads.
Estimate model parameters (epsilon = 0.100)
1. Initial log-likelihood: -2778.680
Optimal log-likelihood: -2778.603
Rate parameters:  A-C: 1.00000  A-G: 7.85225  A-T: 1.00000  C-G: 1.00000  C-T: 7.85225  G-T: 1.00000
Base frequencies:  A: 0.267  C: 0.192  G: 0.260  T: 0.281
Parameters optimization took 1 rounds (0.000 sec)
Wrote distance file to... 
Computing ML distances based on estimated model parameters...
Calculating distance matrix: done in 0.000439167 secs using 186.7% CPU
Computing ML distances took 0.000486 sec (of wall-clock time) 0.000888 sec (of CPU time)
Setting up auxiliary I and S matrices: done in 2.59876e-05 secs using 200.1% CPU
Constructing RapidNJ tree: done in 0.000123978 secs using 184.7% CPU
Computing RapidNJ tree took 0.000182 sec (of wall-clock time) 0.000448 sec (of CPU time)
Log-likelihood of RapidNJ tree: -2778.624
--------------------------------------------------------------------
|             INITIALIZING CANDIDATE TREE SET                      |
--------------------------------------------------------------------
Generating 98 parsimony trees... 0.029 second
Computing log-likelihood of 98 initial trees ... 0.022 seconds
Current best score: -2778.600

Do NNI search on 20 best initial trees
Optimizing NNI: done in 0.0019629 secs using 297.4% CPU
Estimate model parameters (epsilon = 0.100)
BETTER TREE FOUND at iteration 1: -2778.599
Optimizing NNI: done in 0.00189209 secs using 293.5% CPU
Optimizing NNI: done in 0.00186205 secs using 297% CPU
Optimizing NNI: done in 0.00187802 secs using 294% CPU
Optimizing NNI: done in 0.0017941 secs using 293.1% CPU
Optimizing NNI: done in 0.00188112 secs using 292.5% CPU
Optimizing NNI: done in 0.00187516 secs using 292.2% CPU
BETTER TREE FOUND at iteration 7: -2778.599
Optimizing NNI: done in 0.00185704 secs using 292.1% CPU
Optimizing NNI: done in 0.00173402 secs using 292.6% CPU
Optimizing NNI: done in 0.00178289 secs using 290.8% CPU
Iteration 10 / LogL: -2778.599 / Time: 0h:0m:21s
Optimizing NNI: done in 0.00178194 secs using 292.2% CPU
Optimizing NNI: done in 0.00182509 secs using 292.3% CPU
Optimizing NNI: done in 0.0017159 secs using 293.5% CPU
Optimizing NNI: done in 0.00184488 secs using 292.1% CPU
Optimizing NNI: done in 0.00170898 secs using 292.3% CPU
Optimizing NNI: done in 0.00185013 secs using 293.2% CPU
Optimizing NNI: done in 0.00172305 secs using 296% CPU
Optimizing NNI: done in 0.00176406 secs using 291.9% CPU
Optimizing NNI: done in 0.001683 secs using 291.3% CPU
Optimizing NNI: done in 0.00174308 secs using 290.9% CPU
Iteration 20 / LogL: -2778.599 / Time: 0h:0m:21s
Finish initializing candidate tree set (20)
Current best tree score: -2778.599 / CPU time: 0.093
Number of iterations: 20
--------------------------------------------------------------------
|               OPTIMIZING CANDIDATE TREE SET                      |
--------------------------------------------------------------------
Optimizing NNI: done in 0.00171804 secs using 292.1% CPU
Optimizing NNI: done in 0.00292015 secs using 294.6% CPU
Optimizing NNI: done in 0.00432801 secs using 295.9% CPU
Optimizing NNI: done in 0.00247192 secs using 294.1% CPU
Optimizing NNI: done in 0.00317216 secs using 294.8% CPU
Optimizing NNI: done in 0.00172305 secs using 292.2% CPU
Optimizing NNI: done in 0.00289392 secs using 295.2% CPU
BETTER TREE FOUND at iteration 27: -2778.599
Optimizing NNI: done in 0.00162005 secs using 292.1% CPU
Optimizing NNI: done in 0.00231099 secs using 295.2% CPU
Optimizing NNI: done in 0.00313187 secs using 295.8% CPU
Iteration 30 / LogL: -2783.928 / Time: 0h:0m:21s (0h:0m:0s left)
Optimizing NNI: done in 0.00173783 secs using 292.8% CPU
BETTER TREE FOUND at iteration 31: -2778.599
Optimizing NNI: done in 0.00330687 secs using 292.5% CPU
Optimizing NNI: done in 0.00252414 secs using 293.8% CPU
Optimizing NNI: done in 0.002285 secs using 294.7% CPU
Optimizing NNI: done in 0.00253701 secs using 293.8% CPU
Optimizing NNI: done in 0.003865 secs using 295.6% CPU
Optimizing NNI: done in 0.00371814 secs using 295.8% CPU
Optimizing NNI: done in 0.00264597 secs using 294.2% CPU
Optimizing NNI: done in 0.00397706 secs using 295.3% CPU
Optimizing NNI: done in 0.00172496 secs using 292.4% CPU
Iteration 40 / LogL: -2778.599 / Time: 0h:0m:21s (0h:0m:0s left)
Optimizing NNI: done in 0.00320888 secs using 295.2% CPU
Optimizing NNI: done in 0.00170302 secs using 292.9% CPU
Optimizing NNI: done in 0.00411201 secs using 197.3% CPU
Optimizing NNI: done in 0.00171494 secs using 193.3% CPU
Optimizing NNI: done in 0.00156307 secs using 194.1% CPU
Optimizing NNI: done in 0.00262403 secs using 196.5% CPU
Optimizing NNI: done in 0.00366712 secs using 197.4% CPU
Optimizing NNI: done in 0.00166011 secs using 194.5% CPU
Optimizing NNI: done in 0.00482893 secs using 195.5% CPU
Optimizing NNI: done in 0.00450206 secs using 196.7% CPU
Iteration 50 / LogL: -2778.604 / Time: 0h:0m:21s (0h:0m:0s left)
Log-likelihood cutoff on original alignment: -2792.539
Optimizing NNI: done in 0.00178099 secs using 194.9% CPU
Optimizing NNI: done in 0.00170803 secs using 195.8% CPU
Optimizing NNI: done in 0.00476885 secs using 189.3% CPU
Optimizing NNI: done in 0.00239801 secs using 200.7% CPU
Optimizing NNI: done in 0.00329494 secs using 196.8% CPU
BETTER TREE FOUND at iteration 55: -2778.599
Optimizing NNI: done in 0.00334501 secs using 197.2% CPU
Optimizing NNI: done in 0.00348401 secs using 196% CPU
Optimizing NNI: done in 0.00437498 secs using 197.1% CPU
Optimizing NNI: done in 0.00141692 secs using 193.3% CPU
Optimizing NNI: done in 0.00178981 secs using 193% CPU
Iteration 60 / LogL: -2778.599 / Time: 0h:0m:21s (0h:0m:0s left)
Optimizing NNI: done in 0.00733614 secs using 104.4% CPU
Optimizing NNI: done in 0.00362396 secs using 189.4% CPU
Optimizing NNI: done in 0.00325298 secs using 193.1% CPU
Optimizing NNI: done in 0.0036552 secs using 196.8% CPU
Optimizing NNI: done in 0.00330997 secs using 158.4% CPU
Optimizing NNI: done in 0.00233889 secs using 195.5% CPU
Optimizing NNI: done in 0.00154185 secs using 192.6% CPU
Optimizing NNI: done in 0.00268483 secs using 187% CPU
Optimizing NNI: done in 0.00206804 secs using 196.9% CPU
Optimizing NNI: done in 0.00250387 secs using 196.3% CPU
Iteration 70 / LogL: -2778.604 / Time: 0h:0m:21s (0h:0m:0s left)
Optimizing NNI: done in 0.00316 secs using 194.1% CPU
Optimizing NNI: done in 0.00274396 secs using 194.7% CPU
Optimizing NNI: done in 0.00923395 secs using 170.7% CPU
Optimizing NNI: done in 0.00398922 secs using 193.5% CPU
Optimizing NNI: done in 0.00461698 secs using 183.9% CPU
Optimizing NNI: done in 0.0019412 secs using 192.7% CPU
Optimizing NNI: done in 0.0034759 secs using 187.8% CPU
BETTER TREE FOUND at iteration 77: -2778.599
Optimizing NNI: done in 0.00378013 secs using 190.9% CPU
Optimizing NNI: done in 0.00150919 secs using 196.9% CPU
Optimizing NNI: done in 0.0031991 secs using 193.9% CPU
Iteration 80 / LogL: -2778.606 / Time: 0h:0m:21s (0h:0m:0s left)
Optimizing NNI: done in 0.00263619 secs using 196.2% CPU
Optimizing NNI: done in 0.00167203 secs using 189.4% CPU
Optimizing NNI: done in 0.00359893 secs using 195.2% CPU
Optimizing NNI: done in 0.00161695 secs using 189% CPU
Optimizing NNI: done in 0.00242591 secs using 188.1% CPU
Optimizing NNI: done in 0.00270295 secs using 186.8% CPU
Optimizing NNI: done in 0.00458884 secs using 196.1% CPU
Optimizing NNI: done in 0.0028038 secs using 195.3% CPU
Optimizing NNI: done in 0.00156498 secs using 193.7% CPU
Optimizing NNI: done in 0.00201607 secs using 198.7% CPU
Iteration 90 / LogL: -2778.599 / Time: 0h:0m:22s (0h:0m:0s left)
Optimizing NNI: done in 0.00411701 secs using 197.1% CPU
Optimizing NNI: done in 0.00261903 secs using 196.2% CPU
Optimizing NNI: done in 0.00159097 secs using 195.7% CPU
Optimizing NNI: done in 0.00146484 secs using 192.6% CPU
Optimizing NNI: done in 0.00163293 secs using 193.8% CPU
Optimizing NNI: done in 0.00381207 secs using 197.4% CPU
Optimizing NNI: done in 0.00237799 secs using 191.2% CPU
BETTER TREE FOUND at iteration 97: -2778.599
Optimizing NNI: done in 0.052552 secs using 25.45% CPU
Optimizing NNI: done in 0.00622296 secs using 154.9% CPU
Optimizing NNI: done in 0.004668 secs using 111.3% CPU
Iteration 100 / LogL: -2778.602 / Time: 0h:0m:22s (0h:0m:0s left)
Log-likelihood cutoff on original alignment: -2791.758
NOTE: Bootstrap correlation coefficient of split occurrence frequencies: 0.926
NOTE: UFBoot does not converge, continue at least 100 more iterations
Optimizing NNI: done in 0.00160503 secs using 193.5% CPU
Optimizing NNI: done in 0.00213003 secs using 166.1% CPU
Optimizing NNI: done in 0.00375104 secs using 191.2% CPU
Optimizing NNI: done in 0.00568414 secs using 146.7% CPU
Optimizing NNI: done in 0.00467396 secs using 196.6% CPU
Optimizing NNI: done in 0.00447202 secs using 191.7% CPU
Optimizing NNI: done in 0.00304604 secs using 195.3% CPU
Optimizing NNI: done in 0.00416684 secs using 193.1% CPU
Optimizing NNI: done in 0.00398302 secs using 189.6% CPU
Optimizing NNI: done in 0.00455785 secs using 193% CPU
Iteration 110 / LogL: -2778.604 / Time: 0h:0m:22s (0h:0m:0s left)
Optimizing NNI: done in 0.00309491 secs using 193.6% CPU
Optimizing NNI: done in 0.00152993 secs using 194% CPU
Optimizing NNI: done in 0.00159192 secs using 194.3% CPU
Optimizing NNI: done in 0.00417304 secs using 194.8% CPU
Optimizing NNI: done in 0.00403619 secs using 194.5% CPU
Optimizing NNI: done in 0.0036571 secs using 192.1% CPU
Optimizing NNI: done in 0.00162196 secs using 195.6% CPU
Optimizing NNI: done in 0.00150895 secs using 192.4% CPU
Optimizing NNI: done in 0.00433612 secs using 194.6% CPU
Optimizing NNI: done in 0.00398803 secs using 193.2% CPU
Iteration 120 / LogL: -2778.610 / Time: 0h:0m:22s (0h:0m:0s left)
Optimizing NNI: done in 0.00356603 secs using 191.6% CPU
Optimizing NNI: done in 0.00414491 secs using 192.9% CPU
Optimizing NNI: done in 0.00208092 secs using 193.4% CPU
Optimizing NNI: done in 0.00334501 secs using 196.9% CPU
Optimizing NNI: done in 0.00437212 secs using 193.2% CPU
Optimizing NNI: done in 0.00280094 secs using 191.8% CPU
Optimizing NNI: done in 0.0044241 secs using 193.2% CPU
Optimizing NNI: done in 0.00474215 secs using 196% CPU
Optimizing NNI: done in 0.00256705 secs using 192% CPU
Optimizing NNI: done in 0.00289917 secs using 194.2% CPU
Iteration 130 / LogL: -2778.602 / Time: 0h:0m:22s (0h:0m:0s left)
Optimizing NNI: done in 0.00232697 secs using 193% CPU
Optimizing NNI: done in 0.00281692 secs using 195.2% CPU
Optimizing NNI: done in 0.00215602 secs using 194.4% CPU
Optimizing NNI: done in 0.00278997 secs using 196.1% CPU
Optimizing NNI: done in 0.00265384 secs using 195.5% CPU
BETTER TREE FOUND at iteration 135: -2778.599
Optimizing NNI: done in 0.00404191 secs using 196.6% CPU
Optimizing NNI: done in 0.00337815 secs using 196.5% CPU
Optimizing NNI: done in 0.00154591 secs using 192.9% CPU
Optimizing NNI: done in 0.00378704 secs using 196.5% CPU
Optimizing NNI: done in 0.00226116 secs using 194.9% CPU
Iteration 140 / LogL: -2778.601 / Time: 0h:0m:22s (0h:0m:0s left)
Optimizing NNI: done in 0.00151706 secs using 190.8% CPU
Optimizing NNI: done in 0.00207806 secs using 195.9% CPU
Optimizing NNI: done in 0.00406599 secs using 197.4% CPU
Optimizing NNI: done in 0.00231099 secs using 194.4% CPU
Optimizing NNI: done in 0.00393414 secs using 197.3% CPU
Optimizing NNI: done in 0.00401711 secs using 195.6% CPU
Optimizing NNI: done in 0.00158501 secs using 192.6% CPU
Optimizing NNI: done in 0.00420189 secs using 195.7% CPU
Optimizing NNI: done in 0.00457311 secs using 197.6% CPU
Optimizing NNI: done in 0.00321603 secs using 196.1% CPU
Iteration 150 / LogL: -2783.929 / Time: 0h:0m:22s (0h:0m:0s left)
Log-likelihood cutoff on original alignment: -2791.567
Optimizing NNI: done in 0.00161886 secs using 193.1% CPU
Optimizing NNI: done in 0.00235009 secs using 194.7% CPU
Optimizing NNI: done in 0.00163484 secs using 191.9% CPU
Optimizing NNI: done in 0.00160098 secs using 194.2% CPU
Optimizing NNI: done in 0.0016439 secs using 194.2% CPU
Optimizing NNI: done in 0.00367093 secs using 196.7% CPU
Optimizing NNI: done in 0.00296307 secs using 195.1% CPU
Optimizing NNI: done in 0.00348997 secs using 196.2% CPU
Optimizing NNI: done in 0.00305414 secs using 194.8% CPU
Optimizing NNI: done in 0.00212097 secs using 196% CPU
Iteration 160 / LogL: -2909.523 / Time: 0h:0m:22s (0h:0m:0s left)
Optimizing NNI: done in 0.00151515 secs using 192.7% CPU
Optimizing NNI: done in 0.00234699 secs using 196.5% CPU
Optimizing NNI: done in 0.00163388 secs using 193.7% CPU
BETTER TREE FOUND at iteration 163: -2778.599
Optimizing NNI: done in 0.00232816 secs using 194.1% CPU
Optimizing NNI: done in 0.00239801 secs using 194.7% CPU
Optimizing NNI: done in 0.00229096 secs using 195.2% CPU
Optimizing NNI: done in 0.00241709 secs using 193.8% CPU
Optimizing NNI: done in 0.00541687 secs using 197.1% CPU
Optimizing NNI: done in 0.00153494 secs using 192.8% CPU
Optimizing NNI: done in 0.00375414 secs using 196.9% CPU
Iteration 170 / LogL: -2778.603 / Time: 0h:0m:22s (0h:0m:0s left)
Optimizing NNI: done in 0.00378704 secs using 198.4% CPU
Optimizing NNI: done in 0.00290418 secs using 195.9% CPU
Optimizing NNI: done in 0.00230002 secs using 174% CPU
Optimizing NNI: done in 0.00406718 secs using 196.6% CPU
Optimizing NNI: done in 0.00308013 secs using 195.6% CPU
Optimizing NNI: done in 0.00156188 secs using 193.2% CPU
Optimizing NNI: done in 0.00158906 secs using 193.5% CPU
Optimizing NNI: done in 0.00229692 secs using 199.1% CPU
Optimizing NNI: done in 0.00368404 secs using 196.5% CPU
Optimizing NNI: done in 0.0016892 secs using 194.6% CPU
Iteration 180 / LogL: -2909.528 / Time: 0h:0m:22s (0h:0m:0s left)
Optimizing NNI: done in 0.00364804 secs using 196.5% CPU
Optimizing NNI: done in 0.00285482 secs using 194.5% CPU
Optimizing NNI: done in 0.00488496 secs using 197.5% CPU
Optimizing NNI: done in 0.0016489 secs using 193.6% CPU
Optimizing NNI: done in 0.00397515 secs using 196.8% CPU
Optimizing NNI: done in 0.00246191 secs using 195.7% CPU
Optimizing NNI: done in 0.00158596 secs using 193.1% CPU
Optimizing NNI: done in 0.00252318 secs using 194.9% CPU
Optimizing NNI: done in 0.00154495 secs using 193% CPU
Optimizing NNI: done in 0.00299597 secs using 196.9% CPU
Iteration 190 / LogL: -2778.599 / Time: 0h:0m:22s (0h:0m:0s left)
Optimizing NNI: done in 0.00157499 secs using 193.4% CPU
Optimizing NNI: done in 0.00346208 secs using 196.4% CPU
BETTER TREE FOUND at iteration 192: -2778.599
Optimizing NNI: done in 0.00240898 secs using 195.6% CPU
Optimizing NNI: done in 0.00290895 secs using 195.7% CPU
Optimizing NNI: done in 0.00263286 secs using 198.8% CPU
Optimizing NNI: done in 0.00541401 secs using 197.7% CPU
Optimizing NNI: done in 0.00233507 secs using 194.5% CPU
Optimizing NNI: done in 0.00354505 secs using 196.8% CPU
Optimizing NNI: done in 0.00409698 secs using 193.9% CPU
Optimizing NNI: done in 0.0016129 secs using 193.5% CPU
Iteration 200 / LogL: -2909.528 / Time: 0h:0m:22s (0h:0m:0s left)
Log-likelihood cutoff on original alignment: -2793.527
NOTE: Bootstrap correlation coefficient of split occurrence frequencies: 0.954
NOTE: UFBoot does not converge, continue at least 100 more iterations
Optimizing NNI: done in 0.00348997 secs using 196.5% CPU
Optimizing NNI: done in 0.00406408 secs using 196.7% CPU
Optimizing NNI: done in 0.00290895 secs using 195.9% CPU
Optimizing NNI: done in 0.00254416 secs using 192.9% CPU
Optimizing NNI: done in 0.00434399 secs using 197.5% CPU
Optimizing NNI: done in 0.00246215 secs using 195% CPU
Optimizing NNI: done in 0.00332499 secs using 196.4% CPU
Optimizing NNI: done in 0.00364399 secs using 194.7% CPU
Optimizing NNI: done in 0.00277996 secs using 195.2% CPU
Optimizing NNI: done in 0.00161982 secs using 194.5% CPU
Iteration 210 / LogL: -2778.599 / Time: 0h:0m:22s (0h:0m:0s left)
Optimizing NNI: done in 0.00334811 secs using 196.5% CPU
Optimizing NNI: done in 0.00160289 secs using 193.7% CPU
Optimizing NNI: done in 0.00407505 secs using 196.7% CPU
Optimizing NNI: done in 0.00251698 secs using 198.1% CPU
Optimizing NNI: done in 0.00305796 secs using 196.2% CPU
Optimizing NNI: done in 0.001616 secs using 194.1% CPU
Optimizing NNI: done in 0.00237012 secs using 194.5% CPU
Optimizing NNI: done in 0.00264597 secs using 194.9% CPU
Optimizing NNI: done in 0.00363207 secs using 195.2% CPU
Optimizing NNI: done in 0.00330901 secs using 192% CPU
Iteration 220 / LogL: -2778.599 / Time: 0h:0m:22s (0h:0m:0s left)
Optimizing NNI: done in 0.00233102 secs using 196.1% CPU
Optimizing NNI: done in 0.00419021 secs using 192.2% CPU
Optimizing NNI: done in 0.00174093 secs using 186.6% CPU
Optimizing NNI: done in 0.00542498 secs using 197% CPU
Optimizing NNI: done in 0.00183392 secs using 188% CPU
Optimizing NNI: done in 0.0016849 secs using 193.5% CPU
Optimizing NNI: done in 0.00388002 secs using 196.8% CPU
Optimizing NNI: done in 0.00371003 secs using 197% CPU
Optimizing NNI: done in 0.00165081 secs using 193.1% CPU
Optimizing NNI: done in 0.0044539 secs using 197.5% CPU
Iteration 230 / LogL: -2778.602 / Time: 0h:0m:23s (0h:0m:0s left)
Optimizing NNI: done in 0.00157404 secs using 195.1% CPU
Optimizing NNI: done in 0.00422692 secs using 195.8% CPU
Optimizing NNI: done in 0.0039649 secs using 196% CPU
Optimizing NNI: done in 0.00464201 secs using 197.2% CPU
Optimizing NNI: done in 0.00380921 secs using 196.6% CPU
Optimizing NNI: done in 0.00231504 secs using 194.8% CPU
Optimizing NNI: done in 0.00258112 secs using 195.3% CPU
Optimizing NNI: done in 0.00262189 secs using 195.5% CPU
Optimizing NNI: done in 0.00383997 secs using 196.5% CPU
BETTER TREE FOUND at iteration 239: -2778.599
Optimizing NNI: done in 0.00239992 secs using 195.1% CPU
Iteration 240 / LogL: -2778.599 / Time: 0h:0m:23s (0h:0m:0s left)
Optimizing NNI: done in 0.00162506 secs using 191.9% CPU
Optimizing NNI: done in 0.00264692 secs using 195.7% CPU
Optimizing NNI: done in 0.00409198 secs using 190.4% CPU
Optimizing NNI: done in 0.005409 secs using 197.7% CPU
Optimizing NNI: done in 0.00396204 secs using 196.4% CPU
Optimizing NNI: done in 0.00479293 secs using 196.7% CPU
Optimizing NNI: done in 0.00405288 secs using 197.2% CPU
Optimizing NNI: done in 0.00167894 secs using 193.5% CPU
Optimizing NNI: done in 0.00526404 secs using 197% CPU
Optimizing NNI: done in 0.00377297 secs using 197.2% CPU
Iteration 250 / LogL: -2778.602 / Time: 0h:0m:23s (0h:0m:0s left)
Log-likelihood cutoff on original alignment: -2793.527
Optimizing NNI: done in 0.00606394 secs using 196.8% CPU
Optimizing NNI: done in 0.00163388 secs using 192.5% CPU
Optimizing NNI: done in 0.00286508 secs using 194.6% CPU
Optimizing NNI: done in 0.00374603 secs using 196.3% CPU
Optimizing NNI: done in 0.00415707 secs using 194.9% CPU
Optimizing NNI: done in 0.0016551 secs using 191.8% CPU
Optimizing NNI: done in 0.00273609 secs using 193.6% CPU
Optimizing NNI: done in 0.00475407 secs using 196.5% CPU
Optimizing NNI: done in 0.00388288 secs using 196.8% CPU
Optimizing NNI: done in 0.00232291 secs using 195.1% CPU
BETTER TREE FOUND at iteration 260: -2778.599
Iteration 260 / LogL: -2778.599 / Time: 0h:0m:23s (0h:0m:0s left)
Optimizing NNI: done in 0.00327396 secs using 195.9% CPU
Optimizing NNI: done in 0.00195408 secs using 185.6% CPU
Optimizing NNI: done in 0.00370288 secs using 196.5% CPU
Optimizing NNI: done in 0.00153995 secs using 192.9% CPU
Optimizing NNI: done in 0.00216007 secs using 194% CPU
Optimizing NNI: done in 0.00162911 secs using 191.6% CPU
Optimizing NNI: done in 0.00371504 secs using 196.9% CPU
Optimizing NNI: done in 0.00155711 secs using 192% CPU
Optimizing NNI: done in 0.005373 secs using 197.7% CPU
Optimizing NNI: done in 0.00306511 secs using 192.5% CPU
Iteration 270 / LogL: -2778.602 / Time: 0h:0m:23s (0h:0m:0s left)
Optimizing NNI: done in 0.00165987 secs using 193.8% CPU
Optimizing NNI: done in 0.0035851 secs using 196.3% CPU
Optimizing NNI: done in 0.00248909 secs using 194.4% CPU
Optimizing NNI: done in 0.00172091 secs using 193.4% CPU
Optimizing NNI: done in 0.00197601 secs using 194.2% CPU
Optimizing NNI: done in 0.004143 secs using 196% CPU
Optimizing NNI: done in 0.00259304 secs using 196.3% CPU
Optimizing NNI: done in 0.00198603 secs using 194.2% CPU
Optimizing NNI: done in 0.00354981 secs using 196.8% CPU
Optimizing NNI: done in 0.00352693 secs using 196% CPU
Iteration 280 / LogL: -2778.606 / Time: 0h:0m:23s (0h:0m:0s left)
Optimizing NNI: done in 0.00241804 secs using 195.4% CPU
Optimizing NNI: done in 0.00299501 secs using 194.2% CPU
Optimizing NNI: done in 0.00516009 secs using 196.1% CPU
Optimizing NNI: done in 0.00419307 secs using 197% CPU
Optimizing NNI: done in 0.00388908 secs using 196.6% CPU
Optimizing NNI: done in 0.00167584 secs using 193.4% CPU
Optimizing NNI: done in 0.00258493 secs using 195.3% CPU
Optimizing NNI: done in 0.00332403 secs using 196% CPU
Optimizing NNI: done in 0.00323296 secs using 196.7% CPU
Optimizing NNI: done in 0.00177598 secs using 193.8% CPU
Iteration 290 / LogL: -2778.599 / Time: 0h:0m:23s (0h:0m:0s left)
Optimizing NNI: done in 0.00306797 secs using 195.8% CPU
Optimizing NNI: done in 0.00404692 secs using 195.8% CPU
Optimizing NNI: done in 0.00550604 secs using 196.8% CPU
Optimizing NNI: done in 0.00409198 secs using 196.4% CPU
Optimizing NNI: done in 0.00448895 secs using 196.7% CPU
Optimizing NNI: done in 0.00281501 secs using 195.3% CPU
Optimizing NNI: done in 0.00174284 secs using 193.1% CPU
Optimizing NNI: done in 0.002352 secs using 195.1% CPU
Optimizing NNI: done in 0.00166798 secs using 193.2% CPU
Optimizing NNI: done in 0.00239992 secs using 195% CPU
Iteration 300 / LogL: -2783.930 / Time: 0h:0m:23s (0h:0m:0s left)
Log-likelihood cutoff on original alignment: -2793.527
NOTE: Bootstrap correlation coefficient of split occurrence frequencies: 0.928
NOTE: UFBoot does not converge, continue at least 100 more iterations
Optimizing NNI: done in 0.00165915 secs using 192.7% CPU
Optimizing NNI: done in 0.00285697 secs using 196% CPU
Optimizing NNI: done in 0.00167918 secs using 193.2% CPU
Optimizing NNI: done in 0.00369 secs using 196% CPU
Optimizing NNI: done in 0.00278306 secs using 194.8% CPU
Optimizing NNI: done in 0.00226784 secs using 194.9% CPU
Optimizing NNI: done in 0.00215292 secs using 194.3% CPU
Optimizing NNI: done in 0.003865 secs using 196.1% CPU
Optimizing NNI: done in 0.00304198 secs using 195.9% CPU
Optimizing NNI: done in 0.0030911 secs using 195.5% CPU
Iteration 310 / LogL: -2914.836 / Time: 0h:0m:23s (0h:0m:0s left)
Optimizing NNI: done in 0.00157285 secs using 192.9% CPU
Optimizing NNI: done in 0.00399017 secs using 196.8% CPU
Optimizing NNI: done in 0.0015831 secs using 192.8% CPU
Optimizing NNI: done in 0.00503397 secs using 197.6% CPU
Optimizing NNI: done in 0.00415206 secs using 197.9% CPU
Optimizing NNI: done in 0.00280213 secs using 193.7% CPU
Optimizing NNI: done in 0.004035 secs using 158.6% CPU
Optimizing NNI: done in 0.00387216 secs using 197% CPU
Optimizing NNI: done in 0.00159311 secs using 194.3% CPU
Optimizing NNI: done in 0.00163984 secs using 192.4% CPU
Iteration 320 / LogL: -2778.599 / Time: 0h:0m:23s (0h:0m:0s left)
Optimizing NNI: done in 0.00262499 secs using 191.8% CPU
Optimizing NNI: done in 0.0024581 secs using 195.3% CPU
Optimizing NNI: done in 0.00387001 secs using 198.5% CPU
Optimizing NNI: done in 0.00214005 secs using 195.2% CPU
Optimizing NNI: done in 0.00489998 secs using 197.3% CPU
Optimizing NNI: done in 0.00402713 secs using 196.1% CPU
Optimizing NNI: done in 0.00155997 secs using 193% CPU
Optimizing NNI: done in 0.003093 secs using 196.8% CPU
Optimizing NNI: done in 0.00263095 secs using 194.8% CPU
Optimizing NNI: done in 0.00414395 secs using 196% CPU
Iteration 330 / LogL: -2778.600 / Time: 0h:0m:23s (0h:0m:0s left)
Optimizing NNI: done in 0.00324583 secs using 191.5% CPU
Optimizing NNI: done in 0.00260496 secs using 195.7% CPU
Optimizing NNI: done in 0.00243092 secs using 194.8% CPU
Optimizing NNI: done in 0.00472283 secs using 197.4% CPU
Optimizing NNI: done in 0.00292087 secs using 196% CPU
Optimizing NNI: done in 0.0023222 secs using 194.9% CPU
Optimizing NNI: done in 0.005373 secs using 198.4% CPU
Optimizing NNI: done in 0.00255513 secs using 194.4% CPU
Optimizing NNI: done in 0.005193 secs using 197% CPU
Optimizing NNI: done in 0.00159001 secs using 192.8% CPU
Iteration 340 / LogL: -2778.599 / Time: 0h:0m:23s (0h:0m:0s left)
Optimizing NNI: done in 0.00164104 secs using 191.8% CPU
Optimizing NNI: done in 0.00162482 secs using 192.3% CPU
Optimizing NNI: done in 0.00247622 secs using 195% CPU
Optimizing NNI: done in 0.00246406 secs using 194.8% CPU
Optimizing NNI: done in 0.00389409 secs using 197% CPU
Optimizing NNI: done in 0.00161195 secs using 192.4% CPU
Optimizing NNI: done in 0.00164819 secs using 193.9% CPU
Optimizing NNI: done in 0.00163817 secs using 192.7% CPU
BETTER TREE FOUND at iteration 348: -2778.599
Optimizing NNI: done in 0.00165415 secs using 192.9% CPU
Optimizing NNI: done in 0.00311089 secs using 197.8% CPU
Iteration 350 / LogL: -2778.606 / Time: 0h:0m:24s (0h:0m:0s left)
Log-likelihood cutoff on original alignment: -2793.527
Optimizing NNI: done in 0.00227499 secs using 196.1% CPU
Optimizing NNI: done in 0.00215983 secs using 198.9% CPU
Optimizing NNI: done in 0.00413299 secs using 196.1% CPU
Optimizing NNI: done in 0.00163984 secs using 194.1% CPU
Optimizing NNI: done in 0.00322509 secs using 196% CPU
Optimizing NNI: done in 0.00312996 secs using 195.7% CPU
Optimizing NNI: done in 0.00261402 secs using 195.2% CPU
Optimizing NNI: done in 0.00665998 secs using 198.3% CPU
Optimizing NNI: done in 0.00278687 secs using 196.6% CPU
Optimizing NNI: done in 0.00157809 secs using 192.4% CPU
Iteration 360 / LogL: -2778.599 / Time: 0h:0m:24s (0h:0m:0s left)
Optimizing NNI: done in 0.00261211 secs using 189.4% CPU
Optimizing NNI: done in 0.00434613 secs using 196.5% CPU
Optimizing NNI: done in 0.00251102 secs using 195.1% CPU
Optimizing NNI: done in 0.00528002 secs using 196.2% CPU
Optimizing NNI: done in 0.00165915 secs using 192.3% CPU
Optimizing NNI: done in 0.00388098 secs using 196.5% CPU
Optimizing NNI: done in 0.00353312 secs using 195.8% CPU
Optimizing NNI: done in 0.00394106 secs using 196.9% CPU
Optimizing NNI: done in 0.00159287 secs using 193.4% CPU
Optimizing NNI: done in 0.00711298 secs using 197.9% CPU
Iteration 370 / LogL: -2778.606 / Time: 0h:0m:24s (0h:0m:0s left)
Optimizing NNI: done in 0.00156093 secs using 194.1% CPU
Optimizing NNI: done in 0.00299501 secs using 196.8% CPU
Optimizing NNI: done in 0.00237083 secs using 195.5% CPU
Optimizing NNI: done in 0.00430989 secs using 196% CPU
Optimizing NNI: done in 0.00417089 secs using 196.8% CPU
Optimizing NNI: done in 0.00404501 secs using 196.8% CPU
Optimizing NNI: done in 0.00388002 secs using 196.9% CPU
Optimizing NNI: done in 0.00397611 secs using 197% CPU
Optimizing NNI: done in 0.00165296 secs using 193.1% CPU
Optimizing NNI: done in 0.00391603 secs using 196.4% CPU
Iteration 380 / LogL: -2778.604 / Time: 0h:0m:24s (0h:0m:0s left)
Optimizing NNI: done in 0.00169516 secs using 192% CPU
Optimizing NNI: done in 0.00408292 secs using 198.3% CPU
Optimizing NNI: done in 0.00309587 secs using 196.2% CPU
Optimizing NNI: done in 0.00550199 secs using 197.7% CPU
Optimizing NNI: done in 0.00297308 secs using 195.6% CPU
Optimizing NNI: done in 0.00385094 secs using 197% CPU
Optimizing NNI: done in 0.00362301 secs using 198.5% CPU
Optimizing NNI: done in 0.00229621 secs using 194.6% CPU
Optimizing NNI: done in 0.00314307 secs using 195.7% CPU
Optimizing NNI: done in 0.00162387 secs using 192% CPU
Iteration 390 / LogL: -2778.599 / Time: 0h:0m:24s (0h:0m:0s left)
Optimizing NNI: done in 0.00400901 secs using 196.5% CPU
Optimizing NNI: done in 0.00505805 secs using 197.6% CPU
Optimizing NNI: done in 0.00242996 secs using 194.7% CPU
Optimizing NNI: done in 0.00479507 secs using 197.5% CPU
Optimizing NNI: done in 0.00226402 secs using 195.1% CPU
Optimizing NNI: done in 0.0036149 secs using 196.4% CPU
Optimizing NNI: done in 0.00166893 secs using 193.8% CPU
Optimizing NNI: done in 0.00410295 secs using 196.9% CPU
Optimizing NNI: done in 0.00354385 secs using 196.2% CPU
Optimizing NNI: done in 0.00236392 secs using 195.1% CPU
Iteration 400 / LogL: -2782.889 / Time: 0h:0m:24s (0h:0m:0s left)
Log-likelihood cutoff on original alignment: -2793.527
NOTE: Bootstrap correlation coefficient of split occurrence frequencies: 0.967
NOTE: UFBoot does not converge, continue at least 100 more iterations
Optimizing NNI: done in 0.00163698 secs using 194.6% CPU
Optimizing NNI: done in 0.00143814 secs using 192.6% CPU
Optimizing NNI: done in 0.00446796 secs using 197.2% CPU
Optimizing NNI: done in 0.00285816 secs using 197% CPU
Optimizing NNI: done in 0.00159907 secs using 193.4% CPU
Optimizing NNI: done in 0.00236702 secs using 195.9% CPU
Optimizing NNI: done in 0.00153184 secs using 194.5% CPU
Optimizing NNI: done in 0.00521398 secs using 198% CPU
Optimizing NNI: done in 0.00332904 secs using 196.7% CPU
Optimizing NNI: done in 0.00163698 secs using 193% CPU
Iteration 410 / LogL: -2783.927 / Time: 0h:0m:24s (0h:0m:0s left)
Optimizing NNI: done in 0.00285006 secs using 196.6% CPU
Optimizing NNI: done in 0.00154305 secs using 193.6% CPU
Optimizing NNI: done in 0.00290298 secs using 196.2% CPU
Optimizing NNI: done in 0.00285506 secs using 195.7% CPU
Optimizing NNI: done in 0.00405192 secs using 195.2% CPU
Optimizing NNI: done in 0.00268006 secs using 195.9% CPU
Optimizing NNI: done in 0.00216889 secs using 194.9% CPU
Optimizing NNI: done in 0.006109 secs using 197.7% CPU
Optimizing NNI: done in 0.00391603 secs using 197% CPU
Optimizing NNI: done in 0.0015471 secs using 192.2% CPU
Iteration 420 / LogL: -2778.599 / Time: 0h:0m:24s (0h:0m:0s left)
Optimizing NNI: done in 0.00154591 secs using 200.1% CPU
Optimizing NNI: done in 0.00255895 secs using 195.5% CPU
Optimizing NNI: done in 0.0037601 secs using 197.4% CPU
Optimizing NNI: done in 0.00225186 secs using 195.5% CPU
Optimizing NNI: done in 0.00359416 secs using 196.5% CPU
Optimizing NNI: done in 0.003721 secs using 197.4% CPU
Optimizing NNI: done in 0.00149298 secs using 193.3% CPU
Optimizing NNI: done in 0.00336814 secs using 196.6% CPU
Optimizing NNI: done in 0.00405502 secs using 194.8% CPU
Optimizing NNI: done in 0.00400496 secs using 198.9% CPU
Iteration 430 / LogL: -2783.908 / Time: 0h:0m:24s (0h:0m:0s left)
Optimizing NNI: done in 0.00163198 secs using 192.7% CPU
Optimizing NNI: done in 0.00337815 secs using 196.7% CPU
Optimizing NNI: done in 0.00155711 secs using 192.4% CPU
Optimizing NNI: done in 0.00152493 secs using 192.9% CPU
Optimizing NNI: done in 0.00227904 secs using 195.3% CPU
Optimizing NNI: done in 0.00159192 secs using 193% CPU
Optimizing NNI: done in 0.0033052 secs using 197.2% CPU
Optimizing NNI: done in 0.00356412 secs using 195.2% CPU
Optimizing NNI: done in 0.00540209 secs using 197.4% CPU
Optimizing NNI: done in 0.00252318 secs using 196.1% CPU
Iteration 440 / LogL: -2778.601 / Time: 0h:0m:24s (0h:0m:0s left)
Optimizing NNI: done in 0.0033412 secs using 197.3% CPU
Optimizing NNI: done in 0.00288916 secs using 195% CPU
Optimizing NNI: done in 0.00374103 secs using 196.8% CPU
Optimizing NNI: done in 0.00161314 secs using 195.2% CPU
Optimizing NNI: done in 0.00164604 secs using 193.4% CPU
Optimizing NNI: done in 0.00515103 secs using 197.8% CPU
Optimizing NNI: done in 0.00447702 secs using 197.2% CPU
Optimizing NNI: done in 0.00521708 secs using 195.9% CPU
Optimizing NNI: done in 0.00518203 secs using 198.1% CPU
Optimizing NNI: done in 0.00197601 secs using 196.9% CPU
Iteration 450 / LogL: -2909.526 / Time: 0h:0m:24s (0h:0m:0s left)
Log-likelihood cutoff on original alignment: -2793.527
Optimizing NNI: done in 0.00500107 secs using 197.8% CPU
Optimizing NNI: done in 0.00398898 secs using 197.1% CPU
Optimizing NNI: done in 0.00243592 secs using 196.2% CPU
Optimizing NNI: done in 0.00158191 secs using 191.7% CPU
Optimizing NNI: done in 0.00339293 secs using 199.5% CPU
Optimizing NNI: done in 0.00471997 secs using 197% CPU
Optimizing NNI: done in 0.00393891 secs using 196.5% CPU
Optimizing NNI: done in 0.00301194 secs using 196.6% CPU
Optimizing NNI: done in 0.00346112 secs using 196.4% CPU
Optimizing NNI: done in 0.00675583 secs using 198.1% CPU
Iteration 460 / LogL: -2778.614 / Time: 0h:0m:25s (0h:0m:0s left)
Optimizing NNI: done in 0.0025599 secs using 195.9% CPU
Optimizing NNI: done in 0.00286698 secs using 193.6% CPU
Optimizing NNI: done in 0.00163603 secs using 192.4% CPU
Optimizing NNI: done in 0.00566697 secs using 197.8% CPU
Optimizing NNI: done in 0.0016191 secs using 192.7% CPU
Optimizing NNI: done in 0.00152206 secs using 192.3% CPU
Optimizing NNI: done in 0.00158405 secs using 192.4% CPU
Optimizing NNI: done in 0.00317097 secs using 194.7% CPU
Optimizing NNI: done in 0.00314498 secs using 198.7% CPU
Optimizing NNI: done in 0.00304508 secs using 195% CPU
Iteration 470 / LogL: -2778.601 / Time: 0h:0m:25s (0h:0m:0s left)
Optimizing NNI: done in 0.00286698 secs using 196% CPU
Optimizing NNI: done in 0.00352311 secs using 196.6% CPU
Optimizing NNI: done in 0.00158715 secs using 191.8% CPU
Optimizing NNI: done in 0.00503206 secs using 199.1% CPU
Optimizing NNI: done in 0.00169206 secs using 194.1% CPU
Optimizing NNI: done in 0.00381398 secs using 197.2% CPU
Optimizing NNI: done in 0.00159311 secs using 192.9% CPU
Optimizing NNI: done in 0.00242996 secs using 194.4% CPU
Optimizing NNI: done in 0.00266981 secs using 195.2% CPU
Optimizing NNI: done in 0.00370383 secs using 196.6% CPU
Iteration 480 / LogL: -2778.610 / Time: 0h:0m:25s (0h:0m:0s left)
Optimizing NNI: done in 0.00399113 secs using 194.9% CPU
Optimizing NNI: done in 0.00160813 secs using 194.3% CPU
Optimizing NNI: done in 0.00165296 secs using 194% CPU
Optimizing NNI: done in 0.00226998 secs using 194.8% CPU
Optimizing NNI: done in 0.00146699 secs using 193% CPU
Optimizing NNI: done in 0.00324512 secs using 196.5% CPU
Optimizing NNI: done in 0.00165796 secs using 191.7% CPU
Optimizing NNI: done in 0.00160193 secs using 192.7% CPU
Optimizing NNI: done in 0.00374508 secs using 196.9% CPU
Optimizing NNI: done in 0.00286293 secs using 196.1% CPU
Iteration 490 / LogL: -2782.889 / Time: 0h:0m:25s (0h:0m:0s left)
Optimizing NNI: done in 0.00538993 secs using 197.6% CPU
Optimizing NNI: done in 0.00268292 secs using 196.2% CPU
Optimizing NNI: done in 0.00153804 secs using 192.1% CPU
Optimizing NNI: done in 0.00393701 secs using 196.9% CPU
Optimizing NNI: done in 0.0037992 secs using 196.8% CPU
Optimizing NNI: done in 0.00282502 secs using 196.4% CPU
Optimizing NNI: done in 0.00210595 secs using 194.2% CPU
Optimizing NNI: done in 0.00161099 secs using 192.9% CPU
Optimizing NNI: done in 0.00584388 secs using 197.8% CPU
Optimizing NNI: done in 0.00401402 secs using 197.1% CPU
Iteration 500 / LogL: -2778.602 / Time: 0h:0m:25s (0h:0m:0s left)
Log-likelihood cutoff on original alignment: -2793.527
NOTE: Bootstrap correlation coefficient of split occurrence frequencies: 0.969
NOTE: UFBoot does not converge, continue at least 100 more iterations
Optimizing NNI: done in 0.00161505 secs using 194.3% CPU
Optimizing NNI: done in 0.00262213 secs using 196.2% CPU
Optimizing NNI: done in 0.0039959 secs using 197.1% CPU
Optimizing NNI: done in 0.00666094 secs using 198.1% CPU
Optimizing NNI: done in 0.00163102 secs using 193.1% CPU
Optimizing NNI: done in 0.00178599 secs using 193.2% CPU
Optimizing NNI: done in 0.004071 secs using 196.6% CPU
Optimizing NNI: done in 0.00306582 secs using 195.4% CPU
Optimizing NNI: done in 0.00255799 secs using 194.9% CPU
Optimizing NNI: done in 0.00318789 secs using 195.9% CPU
Iteration 510 / LogL: -2778.599 / Time: 0h:0m:25s (0h:0m:0s left)
Optimizing NNI: done in 0.00167799 secs using 193.4% CPU
Optimizing NNI: done in 0.00298619 secs using 198% CPU
Optimizing NNI: done in 0.00220108 secs using 196.5% CPU
Optimizing NNI: done in 0.0016911 secs using 192.5% CPU
Optimizing NNI: done in 0.00392199 secs using 196.7% CPU
Optimizing NNI: done in 0.00331712 secs using 196.1% CPU
Optimizing NNI: done in 0.00182486 secs using 193.2% CPU
Optimizing NNI: done in 0.00324607 secs using 195.3% CPU
Optimizing NNI: done in 0.00269604 secs using 193.5% CPU
Optimizing NNI: done in 0.00288486 secs using 195.7% CPU
Iteration 520 / LogL: -2778.599 / Time: 0h:0m:25s (0h:0m:0s left)
Optimizing NNI: done in 0.00560188 secs using 199.4% CPU
Optimizing NNI: done in 0.001719 secs using 192.9% CPU
Optimizing NNI: done in 0.00321198 secs using 195.8% CPU
Optimizing NNI: done in 0.00333214 secs using 196.1% CPU
Optimizing NNI: done in 0.0016892 secs using 193.1% CPU
Optimizing NNI: done in 0.00274611 secs using 197.7% CPU
Optimizing NNI: done in 0.00169492 secs using 192.6% CPU
Optimizing NNI: done in 0.00173283 secs using 193.2% CPU
Optimizing NNI: done in 0.00278592 secs using 194.8% CPU
Optimizing NNI: done in 0.00173593 secs using 193.1% CPU
Iteration 530 / LogL: -2778.599 / Time: 0h:0m:25s (0h:0m:0s left)
Optimizing NNI: done in 0.00267887 secs using 194.4% CPU
Optimizing NNI: done in 0.00281405 secs using 195.6% CPU
Optimizing NNI: done in 0.00329399 secs using 196.7% CPU
Optimizing NNI: done in 0.00170708 secs using 192.9% CPU
Optimizing NNI: done in 0.00254488 secs using 195.3% CPU
Optimizing NNI: done in 0.00276399 secs using 196.3% CPU
Optimizing NNI: done in 0.00595212 secs using 198.3% CPU
Optimizing NNI: done in 0.00558901 secs using 195.8% CPU
Optimizing NNI: done in 0.00159097 secs using 194% CPU
Optimizing NNI: done in 0.00250506 secs using 198.4% CPU
Iteration 540 / LogL: -2783.931 / Time: 0h:0m:25s (0h:0m:0s left)
Optimizing NNI: done in 0.00239301 secs using 195.6% CPU
Optimizing NNI: done in 0.00729418 secs using 198.2% CPU
Optimizing NNI: done in 0.003124 secs using 195.9% CPU
Optimizing NNI: done in 0.00387907 secs using 196.8% CPU
Optimizing NNI: done in 0.00325704 secs using 196.1% CPU
Optimizing NNI: done in 0.00471282 secs using 199.7% CPU
Optimizing NNI: done in 0.00408196 secs using 197.1% CPU
Optimizing NNI: done in 0.00307798 secs using 195.8% CPU
Optimizing NNI: done in 0.00252604 secs using 195.4% CPU
Optimizing NNI: done in 0.00148296 secs using 194.5% CPU
Iteration 550 / LogL: -2778.599 / Time: 0h:0m:26s (0h:0m:0s left)
Log-likelihood cutoff on original alignment: -2793.527
Optimizing NNI: done in 0.00274801 secs using 194.9% CPU
Optimizing NNI: done in 0.00251389 secs using 195.7% CPU
Optimizing NNI: done in 0.00170803 secs using 193.3% CPU
Optimizing NNI: done in 0.00434399 secs using 197.1% CPU
Optimizing NNI: done in 0.00167489 secs using 194.3% CPU
Optimizing NNI: done in 0.00232911 secs using 194.7% CPU
Optimizing NNI: done in 0.00267005 secs using 195.2% CPU
Optimizing NNI: done in 0.00303102 secs using 196% CPU
Optimizing NNI: done in 0.00306296 secs using 195.7% CPU
Optimizing NNI: done in 0.00338197 secs using 196.2% CPU
Iteration 560 / LogL: -2778.603 / Time: 0h:0m:26s (0h:0m:0s left)
Optimizing NNI: done in 0.00405693 secs using 196.9% CPU
Optimizing NNI: done in 0.00412202 secs using 196.7% CPU
Optimizing NNI: done in 0.00411797 secs using 197.1% CPU
Optimizing NNI: done in 0.00327802 secs using 195.8% CPU
Optimizing NNI: done in 0.00478292 secs using 199.8% CPU
Optimizing NNI: done in 0.00225782 secs using 197.3% CPU
Optimizing NNI: done in 0.00243497 secs using 195.4% CPU
Optimizing NNI: done in 0.00245309 secs using 195.2% CPU
Optimizing NNI: done in 0.00292206 secs using 195.7% CPU
Optimizing NNI: done in 0.00558901 secs using 197.2% CPU
Iteration 570 / LogL: -2778.608 / Time: 0h:0m:26s (0h:0m:0s left)
Optimizing NNI: done in 0.00162697 secs using 193.2% CPU
Optimizing NNI: done in 0.00314593 secs using 195.7% CPU
Optimizing NNI: done in 0.00220299 secs using 196% CPU
Optimizing NNI: done in 0.00159907 secs using 192.9% CPU
Optimizing NNI: done in 0.00167108 secs using 192.8% CPU
Optimizing NNI: done in 0.00454903 secs using 197.5% CPU
Optimizing NNI: done in 0.00252581 secs using 195.3% CPU
Optimizing NNI: done in 0.00127006 secs using 191.9% CPU
Optimizing NNI: done in 0.00580001 secs using 198% CPU
Optimizing NNI: done in 0.00231504 secs using 196.1% CPU
Iteration 580 / LogL: -2778.602 / Time: 0h:0m:26s (0h:0m:0s left)
Optimizing NNI: done in 0.00386 secs using 196.6% CPU
Optimizing NNI: done in 0.00294399 secs using 195% CPU
Optimizing NNI: done in 0.00154305 secs using 191.6% CPU
Optimizing NNI: done in 0.00405288 secs using 196.5% CPU
Optimizing NNI: done in 0.00216198 secs using 195.2% CPU
Optimizing NNI: done in 0.00163984 secs using 192.6% CPU
Optimizing NNI: done in 0.00463891 secs using 196.9% CPU
Optimizing NNI: done in 0.00142503 secs using 192.3% CPU
Optimizing NNI: done in 0.00270605 secs using 195.8% CPU
Optimizing NNI: done in 0.00158906 secs using 194.3% CPU
Iteration 590 / LogL: -2909.525 / Time: 0h:0m:26s (0h:0m:0s left)
Optimizing NNI: done in 0.00323319 secs using 196.6% CPU
Optimizing NNI: done in 0.00548506 secs using 197.8% CPU
Optimizing NNI: done in 0.003057 secs using 196.4% CPU
Optimizing NNI: done in 0.00274706 secs using 196.3% CPU
Optimizing NNI: done in 0.0022049 secs using 196% CPU
Optimizing NNI: done in 0.00162697 secs using 193% CPU
Optimizing NNI: done in 0.00177598 secs using 193% CPU
Optimizing NNI: done in 0.00295305 secs using 196.5% CPU
Optimizing NNI: done in 0.00542879 secs using 197.7% CPU
Optimizing NNI: done in 0.00222206 secs using 196.8% CPU
Iteration 600 / LogL: -2778.599 / Time: 0h:0m:26s (0h:0m:0s left)
Log-likelihood cutoff on original alignment: -2793.527
NOTE: Bootstrap correlation coefficient of split occurrence frequencies: 0.950
NOTE: UFBoot does not converge, continue at least 100 more iterations
Optimizing NNI: done in 0.00212002 secs using 193.9% CPU
Optimizing NNI: done in 0.00165105 secs using 193% CPU
Optimizing NNI: done in 0.00282383 secs using 195.3% CPU
Optimizing NNI: done in 0.00385809 secs using 196.8% CPU
Optimizing NNI: done in 0.00489092 secs using 197.4% CPU
Optimizing NNI: done in 0.00166392 secs using 192.4% CPU
Optimizing NNI: done in 0.00157595 secs using 192.6% CPU
Optimizing NNI: done in 0.00337315 secs using 199.2% CPU
Optimizing NNI: done in 0.00453305 secs using 197.3% CPU
Optimizing NNI: done in 0.00397801 secs using 197.1% CPU
Iteration 610 / LogL: -2778.603 / Time: 0h:0m:26s (0h:0m:0s left)
Optimizing NNI: done in 0.00386596 secs using 198.4% CPU
Optimizing NNI: done in 0.00386095 secs using 196.9% CPU
Optimizing NNI: done in 0.00372195 secs using 196.9% CPU
Optimizing NNI: done in 0.00227809 secs using 195.6% CPU
Optimizing NNI: done in 0.00297904 secs using 195.8% CPU
Optimizing NNI: done in 0.00155187 secs using 193.3% CPU
Optimizing NNI: done in 0.00298405 secs using 196% CPU
Optimizing NNI: done in 0.00215697 secs using 195.4% CPU
Optimizing NNI: done in 0.00150013 secs using 192.5% CPU
Optimizing NNI: done in 0.00140691 secs using 192.8% CPU
Iteration 620 / LogL: -2778.599 / Time: 0h:0m:26s (0h:0m:0s left)
Optimizing NNI: done in 0.00387383 secs using 196.6% CPU
Optimizing NNI: done in 0.00332189 secs using 196.1% CPU
Optimizing NNI: done in 0.00383806 secs using 197.4% CPU
Optimizing NNI: done in 0.00226283 secs using 195.9% CPU
Optimizing NNI: done in 0.00297308 secs using 196.1% CPU
Optimizing NNI: done in 0.00247407 secs using 194.7% CPU
Optimizing NNI: done in 0.00306797 secs using 196.1% CPU
Optimizing NNI: done in 0.00355697 secs using 196.8% CPU
Optimizing NNI: done in 0.00393891 secs using 196.6% CPU
Optimizing NNI: done in 0.00428605 secs using 196.4% CPU
Iteration 630 / LogL: -2778.606 / Time: 0h:0m:26s (0h:0m:0s left)
Optimizing NNI: done in 0.00138092 secs using 193.4% CPU
Optimizing NNI: done in 0.00366402 secs using 196.2% CPU
Optimizing NNI: done in 0.00155807 secs using 192.7% CPU
Optimizing NNI: done in 0.00138712 secs using 192.5% CPU
Optimizing NNI: done in 0.00146198 secs using 194.3% CPU
Optimizing NNI: done in 0.00376606 secs using 196.8% CPU
Optimizing NNI: done in 0.00236106 secs using 195.9% CPU
Optimizing NNI: done in 0.00165796 secs using 192.8% CPU
Optimizing NNI: done in 0.00139904 secs using 192.1% CPU
Optimizing NNI: done in 0.0023818 secs using 194.5% CPU
Iteration 640 / LogL: -2783.929 / Time: 0h:0m:27s (0h:0m:0s left)
Optimizing NNI: done in 0.00478387 secs using 197.8% CPU
Optimizing NNI: done in 0.00315499 secs using 195.8% CPU
Optimizing NNI: done in 0.00337195 secs using 196.4% CPU
Optimizing NNI: done in 0.00155616 secs using 192.6% CPU
Optimizing NNI: done in 0.00374603 secs using 196.8% CPU
Optimizing NNI: done in 0.00291395 secs using 196.6% CPU
Optimizing NNI: done in 0.00325608 secs using 196.1% CPU
Optimizing NNI: done in 0.00274992 secs using 195.8% CPU
Optimizing NNI: done in 0.00153685 secs using 192.9% CPU
Optimizing NNI: done in 0.00142908 secs using 192.4% CPU
Iteration 650 / LogL: -2909.525 / Time: 0h:0m:27s (0h:0m:0s left)
Log-likelihood cutoff on original alignment: -2793.527
Optimizing NNI: done in 0.00371313 secs using 196.7% CPU
Optimizing NNI: done in 0.00133705 secs using 192.2% CPU
Optimizing NNI: done in 0.00413203 secs using 196.6% CPU
Optimizing NNI: done in 0.00388384 secs using 196.8% CPU
Optimizing NNI: done in 0.00427294 secs using 197.4% CPU
Optimizing NNI: done in 0.00291014 secs using 196.2% CPU
Optimizing NNI: done in 0.00283098 secs using 195.7% CPU
Optimizing NNI: done in 0.00263 secs using 195.6% CPU
Optimizing NNI: done in 0.00139713 secs using 192.3% CPU
Optimizing NNI: done in 0.00152802 secs using 192.8% CPU
Iteration 660 / LogL: -2778.599 / Time: 0h:0m:27s (0h:0m:0s left)
Optimizing NNI: done in 0.00301003 secs using 198.7% CPU
Optimizing NNI: done in 0.00376201 secs using 196.5% CPU
Optimizing NNI: done in 0.00154805 secs using 192% CPU
Optimizing NNI: done in 0.0036571 secs using 196.7% CPU
Optimizing NNI: done in 0.00574398 secs using 197.8% CPU
Optimizing NNI: done in 0.00369692 secs using 197.2% CPU
Optimizing NNI: done in 0.00415301 secs using 196.8% CPU
Optimizing NNI: done in 0.00321913 secs using 199.2% CPU
Optimizing NNI: done in 0.00353408 secs using 196.6% CPU
Optimizing NNI: done in 0.00172496 secs using 193.3% CPU
Iteration 670 / LogL: -2778.599 / Time: 0h:0m:27s (0h:0m:0s left)
Optimizing NNI: done in 0.00155807 secs using 194% CPU
Optimizing NNI: done in 0.003824 secs using 197.4% CPU
Optimizing NNI: done in 0.00283885 secs using 196.3% CPU
Optimizing NNI: done in 0.00295901 secs using 195.9% CPU
Optimizing NNI: done in 0.00236011 secs using 196% CPU
Optimizing NNI: done in 0.00289392 secs using 195.2% CPU
Optimizing NNI: done in 0.003721 secs using 196.8% CPU
Optimizing NNI: done in 0.0015471 secs using 193.1% CPU
Optimizing NNI: done in 0.00291014 secs using 196% CPU
Optimizing NNI: done in 0.00415015 secs using 196.8% CPU
Iteration 680 / LogL: -2778.606 / Time: 0h:0m:27s (0h:0m:0s left)
Optimizing NNI: done in 0.00340199 secs using 196.8% CPU
Optimizing NNI: done in 0.00150895 secs using 193.5% CPU
Optimizing NNI: done in 0.00393891 secs using 199.3% CPU
Optimizing NNI: done in 0.003932 secs using 196.8% CPU
Optimizing NNI: done in 0.00403404 secs using 197.2% CPU
Optimizing NNI: done in 0.00254107 secs using 195.7% CPU
Optimizing NNI: done in 0.00256205 secs using 195.9% CPU
Optimizing NNI: done in 0.00377893 secs using 196.9% CPU
Optimizing NNI: done in 0.00289392 secs using 196.7% CPU
Optimizing NNI: done in 0.00506401 secs using 197.7% CPU
Iteration 690 / LogL: -2778.613 / Time: 0h:0m:27s (0h:0m:0s left)
Optimizing NNI: done in 0.00262594 secs using 195.9% CPU
Optimizing NNI: done in 0.00470304 secs using 197.6% CPU
Optimizing NNI: done in 0.00155807 secs using 192.2% CPU
Optimizing NNI: done in 0.00331903 secs using 196.1% CPU
Optimizing NNI: done in 0.00382304 secs using 197.4% CPU
Optimizing NNI: done in 0.00314093 secs using 196.4% CPU
Optimizing NNI: done in 0.0039959 secs using 196.9% CPU
Optimizing NNI: done in 0.00245094 secs using 195.3% CPU
Optimizing NNI: done in 0.0048871 secs using 197.3% CPU
Optimizing NNI: done in 0.0030129 secs using 199.5% CPU
Iteration 700 / LogL: -2783.929 / Time: 0h:0m:27s (0h:0m:0s left)
Log-likelihood cutoff on original alignment: -2793.527
NOTE: Bootstrap correlation coefficient of split occurrence frequencies: 0.950
NOTE: UFBoot does not converge, continue at least 100 more iterations
Optimizing NNI: done in 0.00208592 secs using 195.5% CPU
Optimizing NNI: done in 0.00426507 secs using 197.7% CPU
Optimizing NNI: done in 0.00161505 secs using 192.2% CPU
Optimizing NNI: done in 0.00291419 secs using 196.1% CPU
Optimizing NNI: done in 0.00371909 secs using 197.3% CPU
Optimizing NNI: done in 0.00234318 secs using 196.8% CPU
Optimizing NNI: done in 0.0029819 secs using 196.8% CPU
BETTER TREE FOUND at iteration 707: -2778.599
Optimizing NNI: done in 0.00166106 secs using 195.5% CPU
Optimizing NNI: done in 0.0048039 secs using 195.4% CPU
Optimizing NNI: done in 0.00286198 secs using 195.9% CPU
Iteration 710 / LogL: -2778.599 / Time: 0h:0m:27s (0h:0m:0s left)
Optimizing NNI: done in 0.00295305 secs using 195.7% CPU
Optimizing NNI: done in 0.00425696 secs using 196.6% CPU
Optimizing NNI: done in 0.00284696 secs using 196.5% CPU
Optimizing NNI: done in 0.00153708 secs using 193% CPU
Optimizing NNI: done in 0.00152993 secs using 192.3% CPU
Optimizing NNI: done in 0.00544596 secs using 197.7% CPU
Optimizing NNI: done in 0.00249004 secs using 195.1% CPU
Optimizing NNI: done in 0.00156879 secs using 193.5% CPU
Optimizing NNI: done in 0.00326395 secs using 196.3% CPU
Optimizing NNI: done in 0.00346589 secs using 199.6% CPU
Iteration 720 / LogL: -2778.609 / Time: 0h:0m:28s (0h:0m:0s left)
Optimizing NNI: done in 0.00251913 secs using 195.9% CPU
Optimizing NNI: done in 0.00349998 secs using 196.7% CPU
Optimizing NNI: done in 0.00276995 secs using 197.6% CPU
Optimizing NNI: done in 0.00520682 secs using 197.9% CPU
Optimizing NNI: done in 0.0015769 secs using 192.7% CPU
Optimizing NNI: done in 0.00356197 secs using 196.5% CPU
Optimizing NNI: done in 0.00290012 secs using 195.5% CPU
Optimizing NNI: done in 0.00347304 secs using 196.7% CPU
Optimizing NNI: done in 0.00789785 secs using 198.2% CPU
Optimizing NNI: done in 0.00305891 secs using 196.2% CPU
Iteration 730 / LogL: -2778.599 / Time: 0h:0m:28s (0h:0m:0s left)
Optimizing NNI: done in 0.00162601 secs using 194.6% CPU
Optimizing NNI: done in 0.00159597 secs using 193% CPU
Optimizing NNI: done in 0.00165486 secs using 195.1% CPU
Optimizing NNI: done in 0.00209904 secs using 194.4% CPU
Optimizing NNI: done in 0.00239491 secs using 195.3% CPU
Optimizing NNI: done in 0.00371194 secs using 197.4% CPU
Optimizing NNI: done in 0.00246406 secs using 194.8% CPU
Optimizing NNI: done in 0.001441 secs using 194.7% CPU
Optimizing NNI: done in 0.00240493 secs using 195.2% CPU
Optimizing NNI: done in 0.00279403 secs using 195.3% CPU
Iteration 740 / LogL: -2778.602 / Time: 0h:0m:28s (0h:0m:0s left)
Optimizing NNI: done in 0.00479698 secs using 197.3% CPU
Optimizing NNI: done in 0.00310993 secs using 196% CPU
Optimizing NNI: done in 0.00278282 secs using 195.6% CPU
Optimizing NNI: done in 0.00161004 secs using 192.4% CPU
Optimizing NNI: done in 0.00409102 secs using 196.7% CPU
Optimizing NNI: done in 0.00267792 secs using 195.3% CPU
Optimizing NNI: done in 0.00398421 secs using 197.5% CPU
Optimizing NNI: done in 0.00306892 secs using 195.7% CPU
Optimizing NNI: done in 0.00310278 secs using 196.2% CPU
Optimizing NNI: done in 0.00124216 secs using 190.8% CPU
Iteration 750 / LogL: -2909.525 / Time: 0h:0m:28s (0h:0m:0s left)
Log-likelihood cutoff on original alignment: -2793.527
Optimizing NNI: done in 0.00752401 secs using 198.4% CPU
Optimizing NNI: done in 0.00206709 secs using 194.5% CPU
Optimizing NNI: done in 0.00387812 secs using 196.6% CPU
Optimizing NNI: done in 0.00167298 secs using 193.7% CPU
Optimizing NNI: done in 0.00148487 secs using 193.1% CPU
Optimizing NNI: done in 0.00158095 secs using 194.4% CPU
Optimizing NNI: done in 0.00312281 secs using 169.6% CPU
Optimizing NNI: done in 0.00617599 secs using 95.53% CPU
Optimizing NNI: done in 0.00769806 secs using 170.3% CPU
Optimizing NNI: done in 0.00455713 secs using 197.8% CPU
Iteration 760 / LogL: -2783.919 / Time: 0h:0m:28s (0h:0m:0s left)
Optimizing NNI: done in 0.00142789 secs using 193.8% CPU
Optimizing NNI: done in 0.00225687 secs using 196% CPU
Optimizing NNI: done in 0.00255704 secs using 195.4% CPU
Optimizing NNI: done in 0.00226784 secs using 177.3% CPU
Optimizing NNI: done in 0.00293303 secs using 196.7% CPU
Optimizing NNI: done in 0.00157785 secs using 194.4% CPU
Optimizing NNI: done in 0.00152087 secs using 193% CPU
Optimizing NNI: done in 0.00311112 secs using 197.1% CPU
Optimizing NNI: done in 0.00304103 secs using 196.2% CPU
Optimizing NNI: done in 0.00245714 secs using 195.4% CPU
Iteration 770 / LogL: -2909.532 / Time: 0h:0m:28s (0h:0m:0s left)
Optimizing NNI: done in 0.00178599 secs using 193.7% CPU
Optimizing NNI: done in 0.00159001 secs using 192.8% CPU
Optimizing NNI: done in 0.003016 secs using 196.1% CPU
Optimizing NNI: done in 0.00391483 secs using 197.2% CPU
Optimizing NNI: done in 0.00362897 secs using 197% CPU
Optimizing NNI: done in 0.00299811 secs using 196.3% CPU
Optimizing NNI: done in 0.00325108 secs using 197% CPU
Optimizing NNI: done in 0.00427389 secs using 197% CPU
Optimizing NNI: done in 0.00160193 secs using 192.8% CPU
Optimizing NNI: done in 0.00405884 secs using 197.5% CPU
Iteration 780 / LogL: -2778.609 / Time: 0h:0m:28s (0h:0m:0s left)
Optimizing NNI: done in 0.00159502 secs using 192.8% CPU
Optimizing NNI: done in 0.00158286 secs using 194.1% CPU
Optimizing NNI: done in 0.00177097 secs using 193.9% CPU
Optimizing NNI: done in 0.00409007 secs using 199.6% CPU
Optimizing NNI: done in 0.00288415 secs using 196.1% CPU
Optimizing NNI: done in 0.00257707 secs using 195.4% CPU
Optimizing NNI: done in 0.00364184 secs using 197.1% CPU
Optimizing NNI: done in 0.00161314 secs using 194.5% CPU
Optimizing NNI: done in 0.00360703 secs using 196.3% CPU
Optimizing NNI: done in 0.00159788 secs using 192.9% CPU
Iteration 790 / LogL: -2778.599 / Time: 0h:0m:28s (0h:0m:0s left)
Optimizing NNI: done in 0.00295901 secs using 196% CPU
Optimizing NNI: done in 0.00630999 secs using 197.9% CPU
Optimizing NNI: done in 0.00370407 secs using 196.9% CPU
Optimizing NNI: done in 0.00283217 secs using 196.1% CPU
Optimizing NNI: done in 0.00163698 secs using 192.9% CPU
Optimizing NNI: done in 0.00248599 secs using 195.5% CPU
Optimizing NNI: done in 0.00241709 secs using 195.2% CPU
Optimizing NNI: done in 0.00391197 secs using 200% CPU
Optimizing NNI: done in 0.00403404 secs using 196.7% CPU
Optimizing NNI: done in 0.00394082 secs using 196.7% CPU
Iteration 800 / LogL: -2778.611 / Time: 0h:0m:29s (0h:0m:0s left)
Log-likelihood cutoff on original alignment: -2793.527
NOTE: Bootstrap correlation coefficient of split occurrence frequencies: 0.971
NOTE: UFBoot does not converge, continue at least 100 more iterations
Optimizing NNI: done in 0.00169396 secs using 194% CPU
Optimizing NNI: done in 0.00296712 secs using 193.9% CPU
Optimizing NNI: done in 0.00169086 secs using 193.6% CPU
Optimizing NNI: done in 0.00362301 secs using 196.3% CPU
Optimizing NNI: done in 0.00159407 secs using 192.9% CPU
Optimizing NNI: done in 0.00368404 secs using 196.7% CPU
Optimizing NNI: done in 0.00298691 secs using 195.6% CPU
Optimizing NNI: done in 0.00684285 secs using 197.8% CPU
Optimizing NNI: done in 0.00411296 secs using 196.9% CPU
Optimizing NNI: done in 0.00163507 secs using 192.7% CPU
Iteration 810 / LogL: -2778.599 / Time: 0h:0m:29s (0h:0m:0s left)
Optimizing NNI: done in 0.00315595 secs using 196.4% CPU
Optimizing NNI: done in 0.00176287 secs using 193.2% CPU
Optimizing NNI: done in 0.00250101 secs using 195.8% CPU
Optimizing NNI: done in 0.00154281 secs using 192.8% CPU
Optimizing NNI: done in 0.00331402 secs using 195.7% CPU
Optimizing NNI: done in 0.00169396 secs using 194.3% CPU
Optimizing NNI: done in 0.00343394 secs using 196.7% CPU
Optimizing NNI: done in 0.00377512 secs using 196.9% CPU
Optimizing NNI: done in 0.00368404 secs using 197% CPU
Optimizing NNI: done in 0.00292897 secs using 195.7% CPU
Iteration 820 / LogL: -2778.599 / Time: 0h:0m:29s (0h:0m:0s left)
Optimizing NNI: done in 0.00408411 secs using 196.2% CPU
Optimizing NNI: done in 0.00159907 secs using 192.7% CPU
Optimizing NNI: done in 0.00267196 secs using 197.2% CPU
Optimizing NNI: done in 0.00457907 secs using 197.4% CPU
Optimizing NNI: done in 0.00408888 secs using 197% CPU
Optimizing NNI: done in 0.00319314 secs using 196.4% CPU
Optimizing NNI: done in 0.00254083 secs using 196.2% CPU
Optimizing NNI: done in 0.0022471 secs using 194.7% CPU
Optimizing NNI: done in 0.00275803 secs using 195% CPU
Optimizing NNI: done in 0.00222111 secs using 195.1% CPU
Iteration 830 / LogL: -2778.599 / Time: 0h:0m:29s (0h:0m:0s left)
Optimizing NNI: done in 0.00253296 secs using 194.5% CPU
Optimizing NNI: done in 0.00166607 secs using 194% CPU
Optimizing NNI: done in 0.00159287 secs using 193% CPU
Optimizing NNI: done in 0.00486588 secs using 197.5% CPU
Optimizing NNI: done in 0.00366807 secs using 196.6% CPU
Optimizing NNI: done in 0.00250006 secs using 195.1% CPU
Optimizing NNI: done in 0.00160599 secs using 192.8% CPU
Optimizing NNI: done in 0.00396013 secs using 196.7% CPU
Optimizing NNI: done in 0.00160813 secs using 192.8% CPU
Optimizing NNI: done in 0.00160003 secs using 192.6% CPU
Iteration 840 / LogL: -2778.599 / Time: 0h:0m:29s (0h:0m:0s left)
Optimizing NNI: done in 0.00163007 secs using 192.1% CPU
Optimizing NNI: done in 0.00245094 secs using 194.7% CPU
Optimizing NNI: done in 0.00303102 secs using 195.8% CPU
Optimizing NNI: done in 0.00274682 secs using 195.1% CPU
Optimizing NNI: done in 0.00172997 secs using 193.7% CPU
Optimizing NNI: done in 0.00403214 secs using 196.5% CPU
Optimizing NNI: done in 0.00176406 secs using 193% CPU
Optimizing NNI: done in 0.00152707 secs using 192.7% CPU
Optimizing NNI: done in 0.00275683 secs using 195.6% CPU
Optimizing NNI: done in 0.00165391 secs using 192.7% CPU
Iteration 850 / LogL: -2778.599 / Time: 0h:0m:29s (0h:0m:0s left)
Log-likelihood cutoff on original alignment: -2793.527
Optimizing NNI: done in 0.00154805 secs using 193.8% CPU
Optimizing NNI: done in 0.00344491 secs using 197.1% CPU
Optimizing NNI: done in 0.00156403 secs using 195.5% CPU
Optimizing NNI: done in 0.00255084 secs using 196.4% CPU
Optimizing NNI: done in 0.00332499 secs using 200.2% CPU
Optimizing NNI: done in 0.00255418 secs using 195.4% CPU
Optimizing NNI: done in 0.00174809 secs using 194.7% CPU
Optimizing NNI: done in 0.00165987 secs using 194.3% CPU
Optimizing NNI: done in 0.00499701 secs using 197.8% CPU
Optimizing NNI: done in 0.00625587 secs using 198.1% CPU
Iteration 860 / LogL: -2778.609 / Time: 0h:0m:29s (0h:0m:0s left)
Optimizing NNI: done in 0.00290108 secs using 196.2% CPU
BETTER TREE FOUND at iteration 861: -2778.599
Optimizing NNI: done in 0.00398397 secs using 199.2% CPU
Optimizing NNI: done in 0.00215197 secs using 195.9% CPU
Optimizing NNI: done in 0.0026319 secs using 196.5% CPU
Optimizing NNI: done in 0.001616 secs using 192.5% CPU
Optimizing NNI: done in 0.00226307 secs using 195.4% CPU
Optimizing NNI: done in 0.00137091 secs using 193.3% CPU
Optimizing NNI: done in 0.00273013 secs using 197.2% CPU
Optimizing NNI: done in 0.00160599 secs using 195.3% CPU
Optimizing NNI: done in 0.00473714 secs using 197.6% CPU
Iteration 870 / LogL: -2778.601 / Time: 0h:0m:30s (0h:0m:0s left)
Optimizing NNI: done in 0.00388503 secs using 196.4% CPU
Optimizing NNI: done in 0.00160503 secs using 194.1% CPU
Optimizing NNI: done in 0.00166392 secs using 193.3% CPU
Optimizing NNI: done in 0.00264812 secs using 195.4% CPU
Optimizing NNI: done in 0.00166512 secs using 192.9% CPU
Optimizing NNI: done in 0.00545716 secs using 197.6% CPU
Optimizing NNI: done in 0.00385094 secs using 196.9% CPU
Optimizing NNI: done in 0.00181484 secs using 188.6% CPU
Optimizing NNI: done in 0.00162911 secs using 194.8% CPU
Optimizing NNI: done in 0.00286102 secs using 196.9% CPU
Iteration 880 / LogL: -2778.599 / Time: 0h:0m:30s (0h:0m:0s left)
Optimizing NNI: done in 0.00259399 secs using 197% CPU
Optimizing NNI: done in 0.00359821 secs using 187.2% CPU
Optimizing NNI: done in 0.00163698 secs using 193.9% CPU
Optimizing NNI: done in 0.00402093 secs using 197.9% CPU
Optimizing NNI: done in 0.00438786 secs using 197.9% CPU
Optimizing NNI: done in 0.00399709 secs using 197% CPU
Optimizing NNI: done in 0.00453091 secs using 197.9% CPU
Optimizing NNI: done in 0.00560999 secs using 198% CPU
Optimizing NNI: done in 0.00393105 secs using 170.3% CPU
Optimizing NNI: done in 0.00153613 secs using 195.7% CPU
Iteration 890 / LogL: -2909.497 / Time: 0h:0m:30s (0h:0m:0s left)
Optimizing NNI: done in 0.00174904 secs using 194.8% CPU
Optimizing NNI: done in 0.00388885 secs using 197.6% CPU
Optimizing NNI: done in 0.00201988 secs using 200.7% CPU
Optimizing NNI: done in 0.00296807 secs using 196.3% CPU
Optimizing NNI: done in 0.00334001 secs using 197% CPU
Optimizing NNI: done in 0.00256705 secs using 195.9% CPU
Optimizing NNI: done in 0.00366092 secs using 195.1% CPU
Optimizing NNI: done in 0.00174093 secs using 193.9% CPU
Optimizing NNI: done in 0.00137997 secs using 193.7% CPU
Optimizing NNI: done in 0.00392699 secs using 197.6% CPU
Iteration 900 / LogL: -2778.604 / Time: 0h:0m:30s (0h:0m:0s left)
Log-likelihood cutoff on original alignment: -2793.527
NOTE: Bootstrap correlation coefficient of split occurrence frequencies: 0.977
NOTE: UFBoot does not converge, continue at least 100 more iterations
Optimizing NNI: done in 0.0033319 secs using 197.5% CPU
Optimizing NNI: done in 0.00401902 secs using 191.7% CPU
Optimizing NNI: done in 0.0015769 secs using 194.4% CPU
Optimizing NNI: done in 0.00339198 secs using 195.8% CPU
Optimizing NNI: done in 0.00260115 secs using 196.9% CPU
Optimizing NNI: done in 0.00151205 secs using 194.4% CPU
Optimizing NNI: done in 0.00149918 secs using 194.4% CPU
Optimizing NNI: done in 0.00362206 secs using 197.5% CPU
Optimizing NNI: done in 0.00394702 secs using 197.2% CPU
Optimizing NNI: done in 0.00230002 secs using 193.4% CPU
Iteration 910 / LogL: -2778.602 / Time: 0h:0m:30s (0h:0m:0s left)
Optimizing NNI: done in 0.00312591 secs using 196.6% CPU
Optimizing NNI: done in 0.00407505 secs using 196.1% CPU
Optimizing NNI: done in 0.00389504 secs using 195.6% CPU
Optimizing NNI: done in 0.00376797 secs using 195.8% CPU
Optimizing NNI: done in 0.00352192 secs using 197.3% CPU
Optimizing NNI: done in 0.00339103 secs using 197.3% CPU
Optimizing NNI: done in 0.00339603 secs using 197.6% CPU
Optimizing NNI: done in 0.00363612 secs using 197.5% CPU
Optimizing NNI: done in 0.00213599 secs using 196.3% CPU
Optimizing NNI: done in 0.00378609 secs using 197.4% CPU
Iteration 920 / LogL: -2778.602 / Time: 0h:0m:30s (0h:0m:0s left)
Optimizing NNI: done in 0.00153899 secs using 195.1% CPU
Optimizing NNI: done in 0.00214982 secs using 196.2% CPU
Optimizing NNI: done in 0.00283885 secs using 196.9% CPU
Optimizing NNI: done in 0.0015142 secs using 194.6% CPU
Optimizing NNI: done in 0.003407 secs using 197.5% CPU
Optimizing NNI: done in 0.00377607 secs using 195.8% CPU
Optimizing NNI: done in 0.00369906 secs using 196.5% CPU
Optimizing NNI: done in 0.00219107 secs using 196.2% CPU
Optimizing NNI: done in 0.00169897 secs using 194.3% CPU
Optimizing NNI: done in 0.00172615 secs using 190.4% CPU
Iteration 930 / LogL: -2778.599 / Time: 0h:0m:30s (0h:0m:0s left)
Optimizing NNI: done in 0.00417185 secs using 196.9% CPU
Optimizing NNI: done in 0.00265384 secs using 195.7% CPU
Optimizing NNI: done in 0.00267005 secs using 195.8% CPU
Optimizing NNI: done in 0.00389004 secs using 197.2% CPU
Optimizing NNI: done in 0.00356507 secs using 197.1% CPU
Optimizing NNI: done in 0.00186801 secs using 191.4% CPU
Optimizing NNI: done in 0.00744009 secs using 197.5% CPU
Optimizing NNI: done in 0.003932 secs using 196.9% CPU
Optimizing NNI: done in 0.00261092 secs using 196.1% CPU
Optimizing NNI: done in 0.00230408 secs using 194.5% CPU
Iteration 940 / LogL: -2785.854 / Time: 0h:0m:31s (0h:0m:0s left)
Optimizing NNI: done in 0.00251603 secs using 195.9% CPU
Optimizing NNI: done in 0.0016222 secs using 193.9% CPU
Optimizing NNI: done in 0.003685 secs using 196.8% CPU
Optimizing NNI: done in 0.00279593 secs using 194.7% CPU
Optimizing NNI: done in 0.00316691 secs using 199.3% CPU
Optimizing NNI: done in 0.00157499 secs using 193.7% CPU
Optimizing NNI: done in 0.00154686 secs using 193.8% CPU
Optimizing NNI: done in 0.00159383 secs using 191.6% CPU
Optimizing NNI: done in 0.00143003 secs using 194.3% CPU
Optimizing NNI: done in 0.00296688 secs using 196.2% CPU
Iteration 950 / LogL: -2778.599 / Time: 0h:0m:31s (0h:0m:0s left)
Log-likelihood cutoff on original alignment: -2793.527
Optimizing NNI: done in 0.00383019 secs using 197% CPU
Optimizing NNI: done in 0.00374103 secs using 196.8% CPU
Optimizing NNI: done in 0.00395989 secs using 196.5% CPU
Optimizing NNI: done in 0.00276613 secs using 194.9% CPU
Optimizing NNI: done in 0.00378299 secs using 197.4% CPU
Optimizing NNI: done in 0.00316501 secs using 197.4% CPU
Optimizing NNI: done in 0.00506401 secs using 197.7% CPU
Optimizing NNI: done in 0.003304 secs using 194.8% CPU
Optimizing NNI: done in 0.00150013 secs using 195.6% CPU
Optimizing NNI: done in 0.0039711 secs using 197.2% CPU
Iteration 960 / LogL: -2778.603 / Time: 0h:0m:31s (0h:0m:0s left)
Optimizing NNI: done in 0.00313115 secs using 197.4% CPU
Optimizing NNI: done in 0.00301313 secs using 196.3% CPU
Optimizing NNI: done in 0.00163388 secs using 193.1% CPU
Optimizing NNI: done in 0.00160909 secs using 192.2% CPU
Optimizing NNI: done in 0.00350189 secs using 195.8% CPU
Optimizing NNI: done in 0.00415611 secs using 197.7% CPU
Optimizing NNI: done in 0.00403309 secs using 197.5% CPU
Optimizing NNI: done in 0.00167704 secs using 194.9% CPU
Optimizing NNI: done in 0.00341105 secs using 194.6% CPU
Optimizing NNI: done in 0.00495982 secs using 197.5% CPU
Iteration 970 / LogL: -2778.610 / Time: 0h:0m:31s (0h:0m:0s left)
Optimizing NNI: done in 0.00244188 secs using 195.5% CPU
Optimizing NNI: done in 0.0028069 secs using 196.3% CPU
Optimizing NNI: done in 0.00167394 secs using 188.1% CPU
Optimizing NNI: done in 0.00218201 secs using 196% CPU
Optimizing NNI: done in 0.00154996 secs using 192.5% CPU
Optimizing NNI: done in 0.00255394 secs using 198.6% CPU
Optimizing NNI: done in 0.00156307 secs using 193.1% CPU
Optimizing NNI: done in 0.00387001 secs using 196.7% CPU
Optimizing NNI: done in 0.00252104 secs using 196.4% CPU
Optimizing NNI: done in 0.00284815 secs using 195.4% CPU
Iteration 980 / LogL: -2778.601 / Time: 0h:0m:31s (0h:0m:0s left)
Optimizing NNI: done in 0.0016191 secs using 192.3% CPU
Optimizing NNI: done in 0.00408101 secs using 199.5% CPU
Optimizing NNI: done in 0.00241995 secs using 195% CPU
Optimizing NNI: done in 0.00278401 secs using 199.1% CPU
Optimizing NNI: done in 0.00456285 secs using 197.4% CPU
Optimizing NNI: done in 0.00426912 secs using 197.8% CPU
Optimizing NNI: done in 0.00345111 secs using 199.1% CPU
Optimizing NNI: done in 0.00371599 secs using 196.6% CPU
Optimizing NNI: done in 0.00225306 secs using 193.9% CPU
Optimizing NNI: done in 0.00337601 secs using 196.5% CPU
Iteration 990 / LogL: -2778.608 / Time: 0h:0m:31s (0h:0m:0s left)
Optimizing NNI: done in 0.00379014 secs using 196.4% CPU
Optimizing NNI: done in 0.00311208 secs using 196.4% CPU
Optimizing NNI: done in 0.00509596 secs using 197.8% CPU
Optimizing NNI: done in 0.00139308 secs using 194.7% CPU
Optimizing NNI: done in 0.00377512 secs using 196.6% CPU
Optimizing NNI: done in 0.00407696 secs using 199.4% CPU
Optimizing NNI: done in 0.00134516 secs using 194.2% CPU
Optimizing NNI: done in 0.00349402 secs using 196.5% CPU
Optimizing NNI: done in 0.00495195 secs using 197.3% CPU
Optimizing NNI: done in 0.00158191 secs using 193.2% CPU
Iteration 1000 / LogL: -2778.599 / Time: 0h:0m:31s (0h:0m:0s left)
Log-likelihood cutoff on original alignment: -2793.527
NOTE: Bootstrap correlation coefficient of split occurrence frequencies: 0.975
NOTE: UFBoot does not converge, continue at least 100 more iterations
Optimizing NNI: done in 0.00266385 secs using 195.4% CPU
WARNING: bootstrap analysis did not converge. You should rerun with higher number of iterations (-nm option)
TREE SEARCH COMPLETED AFTER 1001 ITERATIONS / Time: 0h:0m:32s

--------------------------------------------------------------------
|                    FINALIZING TREE SEARCH                        |
--------------------------------------------------------------------
Performs final model parameters optimization
Estimate model parameters (epsilon = 0.010)
1. Initial log-likelihood: -2778.599
Optimal log-likelihood: -2778.598
Rate parameters:  A-C: 1.00000  A-G: 7.91282  A-T: 1.00000  C-G: 1.00000  C-T: 7.91282  G-T: 1.00000
Base frequencies:  A: 0.267  C: 0.192  G: 0.260  T: 0.281
Parameters optimization took 1 rounds (0.000 sec)
BEST SCORE FOUND : -2778.598
Creating bootstrap support values...
Split supports printed to NEXUS file /Users/samuelchurch/Downloads/Physalia_spatiotemporal/github_physalia_spatiotemporal/phylogenetics/gene_trees/18S.aln.fasta.splits.nex
Total tree length: 0.023

Total number of iterations: 1001
CPU time used for tree search: 20.891 sec (0h:0m:20s)
Wall-clock time used for tree search: 10.527 sec (0h:0m:10s)
Total CPU time used: 63.076 sec (0h:1m:3s)
Total wall-clock time used: 32.073 sec (0h:0m:32s)

Computing bootstrap consensus tree...
Reading input file /Users/samuelchurch/Downloads/Physalia_spatiotemporal/github_physalia_spatiotemporal/phylogenetics/gene_trees/18S.aln.fasta.splits.nex...
23 taxa and 296 splits.
Consensus tree written to /Users/samuelchurch/Downloads/Physalia_spatiotemporal/github_physalia_spatiotemporal/phylogenetics/gene_trees/18S.aln.fasta.contree
Reading input trees file /Users/samuelchurch/Downloads/Physalia_spatiotemporal/github_physalia_spatiotemporal/phylogenetics/gene_trees/18S.aln.fasta.contree
Log-likelihood of consensus tree: -2778.665

Analysis results written to: 
  IQ-TREE report:                /Users/samuelchurch/Downloads/Physalia_spatiotemporal/github_physalia_spatiotemporal/phylogenetics/gene_trees/18S.aln.fasta.iqtree
  Maximum-likelihood tree:       /Users/samuelchurch/Downloads/Physalia_spatiotemporal/github_physalia_spatiotemporal/phylogenetics/gene_trees/18S.aln.fasta.treefile
  Likelihood distances:          /Users/samuelchurch/Downloads/Physalia_spatiotemporal/github_physalia_spatiotemporal/phylogenetics/gene_trees/18S.aln.fasta.mldist

Ultrafast bootstrap approximation results written to:
  Split support values:          /Users/samuelchurch/Downloads/Physalia_spatiotemporal/github_physalia_spatiotemporal/phylogenetics/gene_trees/18S.aln.fasta.splits.nex
  Consensus tree:                /Users/samuelchurch/Downloads/Physalia_spatiotemporal/github_physalia_spatiotemporal/phylogenetics/gene_trees/18S.aln.fasta.contree
  Screen log file:               /Users/samuelchurch/Downloads/Physalia_spatiotemporal/github_physalia_spatiotemporal/phylogenetics/gene_trees/18S.aln.fasta.log

Date and Time: Thu Aug  6 09:26:49 2026
